species_id,tax_group,V,V123,gear,scientific_name,common_name_lit,high_catch_yn,iotc_reports,V_rank_gear,V123_rank_gear
ITS-Mam-180471,Cetaceans,3.209785408146775,3.732459710238234,GND,Orcaella brevirostris,NA,NA,no,22,1
ITS-Mam-180471,Cetaceans,2.453320276075472,2.816248477771746,PST,Orcaella brevirostris,NA,NA,no,115,44
ITS-Mam-180471,Cetaceans,2.4522852438575726,2.816248477771746,LLT,Orcaella brevirostris,NA,NA,no,143,48
ITS-Mam-771132,Cetaceans,3.1927093515017906,3.732459710238234,GND,Orcaella heinsohni,NA,NA,no,26,1
ITS-Mam-771132,Cetaceans,2.451246616169678,2.816248477771746,PST,Orcaella heinsohni,NA,NA,no,116,44
ITS-Mam-771132,Cetaceans,2.4498812161344574,2.816248477771746,LLT,Orcaella heinsohni,NA,NA,no,144,48
ITS-Mam-180419,Cetaceans,3.334853846471914,3.732459710238234,GND,Sousa chinensis,NA,NA,no,4,1
ITS-Mam-180419,Cetaceans,2.47149865815556,2.816248477771746,PST,Sousa chinensis,NA,NA,no,108,44
ITS-Mam-180419,Cetaceans,2.4796744811120974,2.816248477771746,LLT,Sousa chinensis,NA,NA,no,139,48
Rep-2666,Sea turtles,3.231750335208917,3.2444014473390883,GND,Caretta caretta,Loggerhead turtle,yes,yes,15,11
Rep-2666,Sea turtles,2.5935506738037724,3.2444014473390883,PST,Caretta caretta,Loggerhead turtle,no,yes,85,20
Rep-2666,Sea turtles,2.6843024270249916,3.2444014473390883,LLT,Caretta caretta,Loggerhead turtle,no,yes,96,20
ITS-Mam-180451,Cetaceans,2.8670924174051917,3.3972683057096047,GND,Cephalorhynchus heavisidii,NA,NA,no,76,6
ITS-Mam-180451,Cetaceans,2.316124801988747,2.68196993134328,PST,Cephalorhynchus heavisidii,NA,NA,no,142,51
ITS-Mam-180451,Cetaceans,2.304661382582012,2.68196993134328,LLT,Cephalorhynchus heavisidii,NA,NA,no,173,58
ITS-Mam-180478,Cetaceans,2.876015531860728,3.2444014473390883,GND,Neophocaena phocaenoides,NA,NA,no,72,11
ITS-Mam-180478,Cetaceans,2.1014385207016506,2.4854922094318534,PST,Neophocaena phocaenoides,NA,NA,no,187,58
ITS-Mam-180478,Cetaceans,2.0942832086476493,2.4854922094318534,LLT,Neophocaena phocaenoides,NA,NA,no,224,65
ITS-Mam-612596,Cetaceans,3.2204253610664746,3.504243815276159,GND,Tursiops aduncus,NA,NA,no,19,4
ITS-Mam-612596,Cetaceans,2.495192666976415,2.816248477771746,PST,Tursiops aduncus,NA,NA,no,102,44
ITS-Mam-612596,Cetaceans,2.509019754891467,2.816248477771746,LLT,Tursiops aduncus,NA,NA,no,134,48
ITS-Mam-180449,Cetaceans,2.8666590700781014,3.3972683057096047,GND,Cephalorhynchus commersonii,NA,NA,no,77,6
ITS-Mam-180449,Cetaceans,2.4942631141426386,3.0641663034724647,PST,Cephalorhynchus commersonii,NA,NA,no,103,31
ITS-Mam-180449,Cetaceans,2.3046143756431645,2.68196993134328,LLT,Cephalorhynchus commersonii,NA,NA,no,174,58
Fis-32599,Elasmobranchs,2.6000269857510765,2.9044110245880765,GND,Pristis zijsron,NA,NA,no,113,23
Fis-32599,Elasmobranchs,2.459539772051505,2.9044110245880765,PST,Pristis zijsron,NA,NA,no,113,39
Fis-32599,Elasmobranchs,2.468394794111235,2.9044110245880765,LLT,Pristis zijsron,NA,NA,no,142,40
Rep-2941,Sea turtles,2.989048414521336,2.9888702282891413,GND,Chelonia mydas,﻿Green turtle,yes,yes,49,21
Rep-2941,Sea turtles,2.7214545565248525,3.3295137854041217,PST,Chelonia mydas,﻿Green turtle,no,yes,72,15
Rep-2941,Sea turtles,2.7674131363274084,3.3295137854041217,LLT,Chelonia mydas,﻿Green turtle,yes,yes,76,15
Rep-6936,Sea turtles,2.780793479260387,2.8937560273549443,GND,Lepidochelys olivacea,﻿Olive ridley turtle,yes,yes,91,25
Rep-6936,Sea turtles,2.585162951386652,3.2444014473390883,PST,Lepidochelys olivacea,﻿Olive ridley turtle,yes,yes,87,20
Rep-6936,Sea turtles,2.6034656961775493,3.2444014473390883,LLT,Lepidochelys olivacea,﻿Olive ridley turtle,yes,yes,109,20
Rep-8732,Sea turtles,2.644845410170315,2.8937560273549443,GND,Natator depressa,NA,NA,no,107,25
Rep-8732,Sea turtles,2.5401818501959896,3.2444014473390883,PST,Natator depressa,NA,NA,no,93,20
Rep-8732,Sea turtles,2.5220133052866136,3.2444014473390883,LLT,Natator depressa,NA,NA,no,131,20
ITS-Mam-612592,Cetaceans,3.1711711310213504,3.334163856035348,GND,Balaenoptera bonaerensis,NA,NA,no,29,7
ITS-Mam-612592,Cetaceans,2.9985139670287957,3.2638239847998465,PST,Balaenoptera bonaerensis,NA,NA,no,22,19
ITS-Mam-180535,Cetaceans,3.0003048672661192,3.1576782993718577,GND,Caperea marginata,NA,NA,no,48,15
ITS-Mam-180535,Cetaceans,2.8080154372925032,3.083314876425402,PST,Caperea marginata,NA,NA,no,53,30
Fis-23051,Elasmobranchs,2.8919774458962166,2.9599590096213557,GND,Carcharhinus brevipinna,NA,NA,no,67,22
Fis-23051,Elasmobranchs,2.6801002606313986,3.30358504420297,PST,Carcharhinus brevipinna,NA,NA,no,75,17
Fis-23051,Elasmobranchs,2.8625899545325817,3.5447432792703073,LLT,Carcharhinus brevipinna,NA,NA,no,47,6
Fis-23060,Elasmobranchs,2.792981627735616,2.868376815505143,GND,Carcharhinus limbatus,NA,NA,no,88,26
Fis-23060,Elasmobranchs,2.578921643366435,3.2217855858778575,PST,Carcharhinus limbatus,NA,NA,no,88,22
Fis-23060,Elasmobranchs,2.767248559121554,3.4686356299013017,LLT,Carcharhinus limbatus,Blacktip shark,no,yes,77,10
ITS-Mam-555654,Cetaceans,3.2182872650137733,3.315976260093235,GND,Delphinus delphis tropicalis,NA,NA,no,20,8
ITS-Mam-555654,Cetaceans,2.8740439010856704,3.315976260093235,PST,Delphinus delphis tropicalis,NA,NA,no,40,16
ITS-Mam-555654,Cetaceans,2.6910556128403704,2.966402894887222,LLT,Delphinus delphis tropicalis,NA,NA,no,93,39
ITS-Mam-180430,Cetaceans,3.2784074015380837,3.315976260093235,GND,Stenella attenuata,﻿Pan-tropical spotted dolphins,yes,yes,7,8
ITS-Mam-180430,Cetaceans,2.921375949507185,3.315976260093235,PST,Stenella attenuata,NA,NA,no,29,16
ITS-Mam-180430,Cetaceans,2.724378247738773,2.966402894887222,LLT,Stenella attenuata,NA,NA,no,86,39
ITS-Mam-180417,Cetaceans,3.2064630703767665,3.1823588595974384,GND,Steno bredanensis,NA,NA,no,23,14
ITS-Mam-180417,Cetaceans,2.784962213075331,3.1823588595974384,PST,Steno bredanensis,NA,NA,no,58,24
ITS-Mam-180417,Cetaceans,2.57802137647169,2.816248477771746,LLT,Steno bredanensis,NA,NA,no,115,48
Fis-159132,Elasmobranchs,2.400627119194692,2.57729557005258,GND,Orectolobus hutchinsi,NA,NA,no,137,35
Fis-23201,Elasmobranchs,2.4008100360065305,2.57729557005258,GND,Orectolobus maculatus,NA,NA,no,136,35
Rep-5181,Sea turtles,2.8793439933404255,2.8937560273549443,GND,Eretmochelys imbricata,Hawksbill turtle,yes,yes,69,25
Rep-5181,Sea turtles,2.688046141591793,3.2444014473390883,PST,Eretmochelys imbricata,Hawksbill turtle,no,yes,74,20
Rep-5181,Sea turtles,2.72381923524096,3.2444014473390883,LLT,Eretmochelys imbricata,Hawksbill turtle,no,yes,87,20
Fis-164471,Elasmobranchs,1.893604168980648,2.120651374899325,GND,Dentiraja lemprieri,NA,NA,no,200,53
ITS-Mam-552771,Cetaceans,3.169120131676348,3.334163856035348,GND,Eubalaena australis,NA,NA,no,30,7
ITS-Mam-552771,Cetaceans,3.044258736304904,3.2638239847998465,PST,Eubalaena australis,NA,NA,no,17,19
ITS-Mam-180530,Cetaceans,2.9748952233667127,3.04362411442889,GND,Megaptera novaeangliae,NA,NA,no,50,19
ITS-Mam-180530,Cetaceans,2.779481632949041,2.966402894887222,PST,Megaptera novaeangliae,NA,NA,no,61,37
Fis-23277,Elasmobranchs,3.0342550108047717,3.0641663034724647,GND,Sphyrna zygaena,Smooth hammerhead,yes,yes,46,18
Fis-23277,Elasmobranchs,3.024438461093629,3.3972683057096047,PST,Sphyrna zygaena,NA,NA,no,20,11
Fis-23277,Elasmobranchs,3.235223241169441,3.632211821002388,LLT,Sphyrna zygaena,Smooth hammerhead,yes,yes,8,3
ITS-Mam-180438,Cetaceans,3.066542714671873,3.315976260093235,GND,Delphinus delphis,NA,NA,no,42,8
ITS-Mam-180438,Cetaceans,2.939792899206765,3.315976260093235,PST,Delphinus delphis,NA,NA,no,27,16
ITS-Mam-180438,Cetaceans,2.709269486328873,2.966402894887222,LLT,Delphinus delphis,NA,NA,no,89,39
ITS-Mam-180447,Cetaceans,2.8685944251651208,3.1823588595974384,GND,Lagenorhynchus cruciger,NA,NA,no,75,14
ITS-Mam-180447,Cetaceans,2.769875320850635,3.1823588595974384,PST,Lagenorhynchus cruciger,NA,NA,no,63,24
ITS-Mam-180447,Cetaceans,2.5213269028384273,2.816248477771746,LLT,Lagenorhynchus cruciger,NA,NA,no,132,48
ITS-Mam-180445,Cetaceans,2.8765468260684575,3.1823588595974384,GND,Lagenorhynchus obscurus,NA,NA,no,71,14
ITS-Mam-180445,Cetaceans,2.775659948136794,3.1823588595974384,PST,Lagenorhynchus obscurus,NA,NA,no,62,24
ITS-Mam-180445,Cetaceans,2.530541577411668,2.816248477771746,LLT,Lagenorhynchus obscurus,NA,NA,no,129,48
ITS-Mam-180455,Cetaceans,2.8882394713789425,3.1823588595974384,GND,Lissodelphis peronii,NA,NA,no,68,14
ITS-Mam-180455,Cetaceans,2.786149268537199,3.1823588595974384,PST,Lissodelphis peronii,NA,NA,no,57,24
ITS-Mam-180455,Cetaceans,2.539688588715624,2.816248477771746,LLT,Lissodelphis peronii,NA,NA,no,125,48
ITS-Mam-180426,Cetaceans,3.2591319445504596,3.1823588595974384,GND,Tursiops truncatus,NA,NA,no,9,14
ITS-Mam-180426,Cetaceans,2.900064290405516,3.1823588595974384,PST,Tursiops truncatus,NA,NA,no,35,24
ITS-Mam-180426,Cetaceans,2.6569836717058415,2.816248477771746,LLT,Tursiops truncatus,NA,NA,no,99,48
Fis-23061,Elasmobranchs,2.8375746428210906,2.868376815505143,GND,Carcharhinus longimanus,﻿Oceanic whitetip shark,yes,yes,80,26
Fis-23061,Elasmobranchs,2.8669038544768513,3.2217855858778575,PST,Carcharhinus longimanus,﻿Oceanic whitetip shark,yes,yes,42,22
Fis-23061,Elasmobranchs,2.8852317071902704,3.2217855858778575,LLT,Carcharhinus longimanus,﻿Oceanic whitetip shark,yes,yes,41,21
ITS-Mam-180528,Cetaceans,2.937276671640456,3.04362411442889,GND,Balaenoptera musculus,NA,NA,no,61,19
ITS-Mam-180528,Cetaceans,2.7957744658400316,2.966402894887222,PST,Balaenoptera musculus,NA,NA,no,55,37
ITS-Mam-180527,Cetaceans,3.1802232398460797,3.334163856035348,GND,Balaenoptera physalus,NA,NA,no,28,7
ITS-Mam-180527,Cetaceans,3.0825433377300397,3.2638239847998465,PST,Balaenoptera physalus,Fin whale,no,yes,10,19
ITS-Mam-180429,Cetaceans,3.2137359043026716,3.315976260093235,GND,Stenella longirostris,NA,NA,no,21,8
ITS-Mam-180429,Cetaceans,3.04284856881552,3.315976260093235,PST,Stenella longirostris,NA,NA,no,18,16
ITS-Mam-180429,Cetaceans,2.787385778657929,2.966402894887222,LLT,Stenella longirostris,Spinner dolphin,no,yes,72,39
ITS-Mam-180526,Cetaceans,3.352520315105747,3.530453457438259,GND,Balaenoptera borealis,Sei whale,no,yes,3,3
ITS-Mam-180526,Cetaceans,3.2860703657839365,3.4641016151377553,PST,Balaenoptera borealis,NA,NA,no,2,9
Fis-31568,Elasmobranchs,3.126270107002399,3.146500995201706,GND,Alopias pelagicus,Pelagic thresher,yes,yes,35,16
Fis-31568,Elasmobranchs,3.178050208564265,3.471712159504043,PST,Alopias pelagicus,NA,NA,no,3,7
Fis-31568,Elasmobranchs,3.212232752427863,3.471712159504043,LLT,Alopias pelagicus,Pelagic thresher,yes,yes,10,9
ITS-Mam-180461,Cetaceans,2.8350373760220418,2.897474262817434,GND,Feresa attenuata,NA,NA,no,81,24
ITS-Mam-180461,Cetaceans,2.613074106961922,2.816248477771746,PST,Feresa attenuata,NA,NA,no,82,44
ITS-Mam-180461,Cetaceans,2.870598348444103,3.028844032906112,LLT,Feresa attenuata,NA,NA,no,45,32
ITS-Mam-552461,Cetaceans,2.9460672436041984,3.1576782993718577,GND,Globicephala melas,NA,NA,no,53,15
ITS-Mam-552461,Cetaceans,2.849865458590113,3.083314876425402,PST,Globicephala melas,NA,NA,no,46,30
ITS-Mam-552461,Cetaceans,3.0190892045466984,3.278638637347135,LLT,Globicephala melas,NA,NA,no,28,17
ITS-Mam-180491,Cetaceans,2.399437697757529,2.5771637779318937,GND,Kogia breviceps,NA,NA,no,138,36
ITS-Mam-180491,Cetaceans,2.300697188300626,2.4854922094318534,LLT,Kogia breviceps,NA,NA,no,175,65
ITS-Mam-180469,Cetaceans,3.2369723529166143,3.334163856035348,GND,Orcinus orca,NA,NA,no,13,7
ITS-Mam-180469,Cetaceans,3.0617864184338783,3.2638239847998465,PST,Orcinus orca,NA,NA,no,13,19
ITS-Mam-180469,Cetaceans,3.2697597458572076,3.4489400822388943,LLT,Orcinus orca,Orca whale,no,yes,6,11
ITS-Mam-180459,Cetaceans,2.82004775964022,2.897474262817434,GND,Peponocephala electra,NA,NA,no,83,24
ITS-Mam-180459,Cetaceans,2.5862347519996223,2.816248477771746,PST,Peponocephala electra,NA,NA,no,86,44
ITS-Mam-180459,Cetaceans,2.825410506352474,3.028844032906112,LLT,Peponocephala electra,NA,NA,no,54,32
Fis-23054,Elasmobranchs,2.775950919417627,2.868376815505143,GND,Carcharhinus falciformis,﻿Silky shark,yes,yes,94,26
Fis-23054,Elasmobranchs,2.920256026546658,3.4686356299013017,PST,Carcharhinus falciformis,﻿Silky shark,yes,yes,30,8
Fis-23054,Elasmobranchs,3.1274879385643626,3.4686356299013017,LLT,Carcharhinus falciformis,﻿Silky shark,yes,yes,17,10
Fis-25899,Elasmobranchs,2.452478081103306,2.633866653666977,GND,Pseudocarcharias kamoharai,NA,NA,no,130,34
Fis-25899,Elasmobranchs,2.454125561635252,2.782283437500976,PST,Pseudocarcharias kamoharai,NA,NA,no,114,46
Fis-25899,Elasmobranchs,2.638243140930201,3.014891433359049,LLT,Pseudocarcharias kamoharai,Crocodile shark,yes,yes,105,34
ITS-Mam-180440,Cetaceans,2.7854378308993573,3.0641663034724647,GND,Lagenodelphis hosei,NA,NA,no,89,18
ITS-Mam-180440,Cetaceans,2.613131930382215,2.9044110245880765,PST,Lagenodelphis hosei,NA,NA,no,81,39
ITS-Mam-180440,Cetaceans,2.437348579030705,2.68196993134328,LLT,Lagenodelphis hosei,NA,NA,no,147,58
Fis-23899,Elasmobranchs,3.29603153912298,3.27548468040945,GND,Alopias vulpinus,Thresher shark,yes,yes,6,10
Fis-23899,Elasmobranchs,3.1740370843959025,3.395975186730664,PST,Alopias vulpinus,NA,NA,no,4,12
Fis-23899,Elasmobranchs,3.354593167521407,3.5890272633737266,LLT,Alopias vulpinus,Thresher shark,yes,yes,3,5
ITS-Mam-180434,Cetaceans,3.2223936575563177,3.315976260093235,GND,Stenella coeruleoalba,NA,NA,no,17,8
ITS-Mam-180434,Cetaceans,2.9569415848053473,3.1689409622008697,PST,Stenella coeruleoalba,NA,NA,no,25,26
ITS-Mam-180434,Cetaceans,2.8034741262218277,2.966402894887222,LLT,Stenella coeruleoalba,NA,NA,no,65,39
Fis-23898,Elasmobranchs,3.2211064861830865,3.27548468040945,GND,Alopias superciliosus,Bigeye thresher,yes,yes,18,10
Fis-23898,Elasmobranchs,3.1228058877489273,3.395975186730664,PST,Alopias superciliosus,NA,NA,no,8,12
Fis-23898,Elasmobranchs,3.269196508402437,3.5890272633737266,LLT,Alopias superciliosus,Bigeye thresher,yes,yes,7,5
ITS-Mam-180466,Cetaceans,3.0745387228421017,3.1576782993718577,GND,Globicephala macrorhynchus,NA,NA,no,40,15
ITS-Mam-180466,Cetaceans,2.8470418456524307,2.992711207244924,PST,Globicephala macrorhynchus,NA,NA,no,47,35
ITS-Mam-180466,Cetaceans,3.0426870664167835,3.1576782993718577,LLT,Globicephala macrorhynchus,﻿Short-finned pilot whale,no,yes,23,25
Fis-23129,Elasmobranchs,3.027832055733969,3.1823588595974384,GND,Galeocerdo cuvier,NA,NA,no,47,14
Fis-23129,Elasmobranchs,3.0556670965962405,3.504243815276159,PST,Galeocerdo cuvier,NA,NA,no,15,6
Fis-23129,Elasmobranchs,3.2186452676632875,3.504243815276159,LLT,Galeocerdo cuvier,NA,NA,no,9,7
ITS-Mam-180524,Cetaceans,3.1506169538179924,3.334163856035348,GND,Balaenoptera acutorostrata,NA,NA,no,31,7
ITS-Mam-180524,Cetaceans,3.0002583090459525,3.17837013995191,PST,Balaenoptera acutorostrata,NA,NA,no,21,25
ITS-Mam-612597,Cetaceans,3.308794854953133,3.334163856035348,GND,Balaenoptera brydei,NA,NA,no,5,7
ITS-Mam-612597,Cetaceans,3.0481718324642104,3.17837013995191,PST,Balaenoptera brydei,NA,NA,no,16,25
ITS-Mam-180525,Cetaceans,3.262219513504824,3.334163856035348,GND,Balaenoptera edeni,NA,NA,no,8,7
ITS-Mam-180525,Cetaceans,3.033801508512929,3.17837013995191,PST,Balaenoptera edeni,NA,NA,no,19,25
ITS-Mam-180457,Cetaceans,2.824730238215312,2.897474262817434,GND,Grampus griseus,NA,NA,no,82,24
ITS-Mam-180457,Cetaceans,2.5378352418729806,2.7167526997014018,PST,Grampus griseus,NA,NA,no,94,49
ITS-Mam-180457,Cetaceans,2.7474167954996642,2.897474262817434,LLT,Grampus griseus,NA,NA,no,80,41
ITS-Mam-180495,Cetaceans,3.125271198587106,3.334163856035348,GND,Berardius arnuxii,NA,NA,no,36,7
ITS-Mam-180495,Cetaceans,3.013548871682941,3.17837013995191,LLT,Berardius arnuxii,NA,NA,no,31,24
ITS-Mam-180516,Cetaceans,2.9432963088266204,3.1576782993718577,GND,Mesoplodon layardii,NA,NA,no,56,15
ITS-Mam-180516,Cetaceans,2.824092901746491,2.992711207244924,LLT,Mesoplodon layardii,NA,NA,no,55,37
ITS-Mam-180500,Cetaceans,2.925296353818975,3.1576782993718577,GND,Tasmacetus shepherdi,NA,NA,no,64,15
ITS-Mam-180500,Cetaceans,2.8044779704919636,2.992711207244924,LLT,Tasmacetus shepherdi,NA,NA,no,64,37
Fis-23273,Elasmobranchs,3.0355243313615716,3.0641663034724647,GND,Sphyrna lewini,Scalloped hammerhead,yes,yes,45,18
Fis-23273,Elasmobranchs,2.855767463619067,3.192641964365794,PST,Sphyrna lewini,NA,NA,no,43,23
Fis-23273,Elasmobranchs,3.1786008350913777,3.3972683057096047,LLT,Sphyrna lewini,Scalloped hammerhead,yes,yes,12,12
Fis-23047,Elasmobranchs,2.8792909413321586,3.032515856958811,GND,Carcharhinus amblyrhynchos,NA,NA,no,70,20
Fis-23047,Elasmobranchs,2.735092660841793,3.1622776601683795,PST,Carcharhinus amblyrhynchos,NA,NA,no,69,27
Fis-23047,Elasmobranchs,3.027215735198292,3.368748911443169,LLT,Carcharhinus amblyrhynchos,NA,NA,no,27,13
Fis-23071,Elasmobranchs,3.3666014225942473,3.420962298811962,GND,Carcharodon carcharias,NA,NA,no,2,5
Fis-23071,Elasmobranchs,3.3481793773206014,3.420962298811962,PST,Carcharodon carcharias,NA,NA,no,1,10
Fis-23071,Elasmobranchs,3.504107748896824,3.722270792881104,LLT,Carcharodon carcharias,NA,NA,no,1,1
ITS-Mam-180502,Cetaceans,3.1108004456397,3.1576782993718577,GND,Indopacetus pacificus,NA,NA,no,38,15
ITS-Mam-180502,Cetaceans,2.8794674995506906,2.992711207244924,LLT,Indopacetus pacificus,NA,NA,no,43,37
Fis-35514,Elasmobranchs,3.2042831690688707,3.27548468040945,GND,Mobula tarapacana,NA,NA,no,25,10
Fis-35514,Elasmobranchs,2.9066364533298885,2.999458131734484,PST,Mobula tarapacana,Chilean devil ray,no,yes,33,34
Fis-35514,Elasmobranchs,2.8211686107817626,2.825267635406165,LLT,Mobula tarapacana,Chilean devil ray,no,yes,57,46
Fis-30583,Elasmobranchs,3.1883134881959068,3.1823588595974384,GND,Rhincodon typus,Whale shark,yes,yes,27,14
Fis-30583,Elasmobranchs,2.820046008207277,2.897474262817434,PST,Rhincodon typus,Whale shark,no,yes,52,40
Fis-30583,Elasmobranchs,2.7346114485446527,2.7167526997014018,LLT,Rhincodon typus,NA,NA,no,83,54
Fis-22747,Elasmobranchs,2.9404814105694412,3.27548468040945,GND,Cetorhinus maximus,NA,NA,no,59,10
Fis-22747,Elasmobranchs,2.802437426974468,2.999458131734484,PST,Cetorhinus maximus,NA,NA,no,54,34
Fis-22747,Elasmobranchs,2.7022567335499175,2.825267635406165,LLT,Cetorhinus maximus,NA,NA,no,91,46
ITS-Mam-180475,Cetaceans,2.596166723436535,2.8937560273549443,GND,Phocoena dioptrica,NA,NA,no,114,25
ITS-Mam-180475,Cetaceans,2.121933394009605,2.4854922094318534,PST,Phocoena dioptrica,NA,NA,no,182,58
ITS-Mam-180475,Cetaceans,2.1005175191681724,2.4854922094318534,LLT,Phocoena dioptrica,NA,NA,no,223,65
ITS-Mam-180463,Cetaceans,3.0567683173950555,3.1576782993718577,GND,Pseudorca crassidens,NA,NA,no,43,15
ITS-Mam-180463,Cetaceans,2.8313949370296956,2.992711207244924,PST,Pseudorca crassidens,NA,NA,no,49,35
ITS-Mam-180463,Cetaceans,3.0094532042194966,3.1576782993718577,LLT,Pseudorca crassidens,﻿False killer whale,no,yes,32,25
ITS-Mam-180505,Cetaceans,2.9354145806730783,3.1576782993718577,GND,Hyperoodon planifrons,NA,NA,no,62,15
ITS-Mam-180505,Cetaceans,2.7891087131004584,2.870345176935184,LLT,Hyperoodon planifrons,NA,NA,no,70,44
ITS-Mam-180492,Cetaceans,2.476735182733873,2.5771637779318937,GND,Kogia sima,NA,NA,no,124,36
ITS-Mam-180492,Cetaceans,2.1910019101193305,2.2157893245332048,LLT,Kogia sima,NA,NA,no,206,71
ITS-Mam-180513,Cetaceans,2.943051586771105,3.1576782993718577,GND,Mesoplodon bowdoini,NA,NA,no,57,15
ITS-Mam-180513,Cetaceans,2.796971453312412,2.870345176935184,LLT,Mesoplodon bowdoini,NA,NA,no,68,44
ITS-Mam-180517,Cetaceans,3.051794139998003,3.1576782993718577,GND,Mesoplodon densirostris,NA,NA,no,44,15
ITS-Mam-180517,Cetaceans,2.845357072496374,2.870345176935184,LLT,Mesoplodon densirostris,NA,NA,no,50,44
ITS-Mam-180510,Cetaceans,3.1483527656890313,3.1576782993718577,GND,Mesoplodon ginkgodens,NA,NA,no,32,15
ITS-Mam-180510,Cetaceans,2.877196123291012,2.870345176935184,LLT,Mesoplodon ginkgodens,NA,NA,no,44,44
ITS-Mam-180511,Cetaceans,2.939876507597007,3.1576782993718577,GND,Mesoplodon grayi,NA,NA,no,60,15
ITS-Mam-180511,Cetaceans,2.792922796127761,2.870345176935184,LLT,Mesoplodon grayi,NA,NA,no,69,44
ITS-Mam-180508,Cetaceans,2.9446369185280443,3.1576782993718577,GND,Mesoplodon mirus,NA,NA,no,55,15
ITS-Mam-180508,Cetaceans,2.7979201751289025,2.870345176935184,LLT,Mesoplodon mirus,NA,NA,no,67,44
Rep-4381,Sea turtles,2.948491581030689,2.9888702282891413,GND,Dermochelys coriacea,Leatherback turtle,yes,yes,52,21
Rep-4381,Sea turtles,2.694958858954665,2.8248599090867916,PST,Dermochelys coriacea,Leatherback turtle,no,yes,73,43
Rep-4381,Sea turtles,2.8165680260274817,2.8248599090867916,LLT,Dermochelys coriacea,Leatherback turtle,yes,yes,60,47
ITS-Mam-180488,Cetaceans,3.2273438085445276,3.334163856035348,GND,Physeter macrocephalus,NA,NA,no,16,7
ITS-Mam-180488,Cetaceans,3.034757434140379,3.063429093568778,LLT,Physeter macrocephalus,NA,NA,no,25,30
ITS-Mam-180507,Cetaceans,2.927167591740928,3.1576782993718577,GND,Mesoplodon hectori,NA,NA,no,63,15
ITS-Mam-180507,Cetaceans,2.776546147065762,2.870345176935184,LLT,Mesoplodon hectori,NA,NA,no,75,44
ITS-Mam-180498,Cetaceans,3.067243252287913,3.1576782993718577,GND,Ziphius cavirostris,NA,NA,no,41,15
ITS-Mam-180498,Cetaceans,2.8409808862404198,2.870345176935184,LLT,Ziphius cavirostris,NA,NA,no,51,44
Fis-29459,Elasmobranchs,2.2485566094637415,2.724025001769573,GND,Orectolobus wardi,NA,NA,no,157,30
Fis-161453,Elasmobranchs,2.584699201814526,3.0641663034724647,GND,Glyphis garricki,NA,NA,no,115,18
Fis-161453,Elasmobranchs,2.3816603044449165,2.9044110245880765,PST,Glyphis garricki,NA,NA,no,135,39
Fis-161453,Elasmobranchs,2.3873001104552833,2.9044110245880765,LLT,Glyphis garricki,NA,NA,no,158,40
Fis-132130,Elasmobranchs,1.835255727058705,2.3584207847396907,GND,Chiloscyllium hasseltii,NA,NA,no,205,46
Fis-64122,Elasmobranchs,1.9817383852026824,2.446168803192358,GND,Raja pita,NA,NA,no,195,44
Fis-23322,Elasmobranchs,2.9027258578380444,2.9599590096213557,GND,Aetobatus narinari,NA,NA,no,66,22
Fis-23322,Elasmobranchs,2.780909413903026,3.5447432792703073,PST,Aetobatus narinari,NA,NA,no,59,4
Fis-23322,Elasmobranchs,2.805895162298309,3.5447432792703073,LLT,Aetobatus narinari,NA,NA,no,63,6
Fis-23070,Elasmobranchs,2.7569783016914515,2.868376815505143,GND,Carcharhinus sorrah,NA,NA,no,96,26
Fis-23070,Elasmobranchs,2.63074684570075,3.2217855858778575,PST,Carcharhinus sorrah,NA,NA,no,79,22
Fis-23070,Elasmobranchs,2.809530409243876,3.4686356299013017,LLT,Carcharhinus sorrah,NA,NA,no,61,10
Fis-23059,Elasmobranchs,2.797452848041849,2.9599590096213557,GND,Carcharhinus leucas,NA,NA,no,87,22
Fis-23059,Elasmobranchs,2.734439121019232,3.30358504420297,PST,Carcharhinus leucas,NA,NA,no,70,17
Fis-23059,Elasmobranchs,2.889626853611403,3.5447432792703073,LLT,Carcharhinus leucas,NA,NA,no,40,6
Fis-23274,Elasmobranchs,3.0960423059912316,3.0641663034724647,GND,Sphyrna mokarran,Great hammerhead,yes,yes,39,18
Fis-23274,Elasmobranchs,3.1153607450445615,3.3972683057096047,PST,Sphyrna mokarran,NA,NA,no,9,11
Fis-23274,Elasmobranchs,3.360882757949737,3.632211821002388,LLT,Sphyrna mokarran,Great hammerhead,yes,yes,2,3
Fis-20033,Elasmobranchs,2.668894204466552,2.737434772318913,GND,Pteroplatytrygon violacea,NA,NA,no,105,29
Fis-20033,Elasmobranchs,2.900020256684261,3.361160024454961,PST,Pteroplatytrygon violacea,Pelagic stingray,no,yes,36,14
Fis-20033,Elasmobranchs,3.1201307940667293,3.361160024454961,LLT,Pteroplatytrygon violacea,Pelagic stingray,yes,yes,18,14
Fis-23222,Elasmobranchs,2.67587358179022,2.868376815505143,GND,Prionace glauca,Blue shark,yes,yes,104,26
Fis-23222,Elasmobranchs,2.753083462945295,3.2217855858778575,PST,Prionace glauca,NA,NA,no,66,22
Fis-23222,Elasmobranchs,2.9123501641628717,3.2217855858778575,LLT,Prionace glauca,Blue shark,yes,yes,38,21
Fis-28560,Elasmobranchs,2.6048721159155024,2.868376815505143,GND,Aetomylaeus maculatus,NA,NA,no,112,26
Fis-28560,Elasmobranchs,2.159912422949843,2.6970490948701844,PST,Aetomylaeus maculatus,NA,NA,no,176,50
Fis-28560,Elasmobranchs,2.1759512035154747,2.6970490948701844,LLT,Aetomylaeus maculatus,NA,NA,no,209,56
Fis-140161,Elasmobranchs,2.9412136886981277,3.2217855858778575,GND,Paragaleus randalli,NA,NA,no,58,12
Fis-140161,Elasmobranchs,2.3906713076272226,3.0052342892062165,PST,Paragaleus randalli,NA,NA,no,131,33
Fis-140161,Elasmobranchs,2.5328065206914423,3.2217855858778575,LLT,Paragaleus randalli,NA,NA,no,128,21
Fis-25892,Elasmobranchs,2.0843178455745295,2.3584207847396907,GND,Chiloscyllium indicum,NA,NA,no,176,46
Fis-23063,Elasmobranchs,3.124558698783925,3.146500995201706,GND,Carcharhinus melanopterus,NA,NA,no,37,16
Fis-23063,Elasmobranchs,2.849909402943856,3.471712159504043,PST,Carcharhinus melanopterus,NA,NA,no,45,7
Fis-23063,Elasmobranchs,3.0137975811784594,3.7019341012636486,LLT,Carcharhinus melanopterus,NA,NA,no,30,2
Fis-25233,Elasmobranchs,2.7305365237407204,3.0641663034724647,GND,Galeorhinus galeus,NA,NA,no,101,18
Fis-25233,Elasmobranchs,2.828814950324856,3.3972683057096047,PST,Galeorhinus galeus,NA,NA,no,50,11
Fis-25233,Elasmobranchs,2.9024540414171702,3.3972683057096047,LLT,Galeorhinus galeus,NA,NA,no,39,12
Fis-25603,Elasmobranchs,2.4634978583715608,2.737434772318913,GND,Taeniura lymma,NA,NA,no,128,29
Fis-25603,Elasmobranchs,1.9873046011032611,2.5573496822126915,PST,Taeniura lymma,NA,NA,no,215,55
Fis-25603,Elasmobranchs,2.0217530509579427,2.5573496822126915,LLT,Taeniura lymma,NA,NA,no,249,62
Fis-6035,Elasmobranchs,2.6119480879164065,2.868376815505143,GND,Urogymnus asperrimus,NA,NA,no,111,26
Fis-6035,Elasmobranchs,2.164957630379955,2.6970490948701844,PST,Urogymnus asperrimus,NA,NA,no,174,50
Fis-6035,Elasmobranchs,2.195630676619045,2.6970490948701844,LLT,Urogymnus asperrimus,NA,NA,no,202,56
Fis-23138,Elasmobranchs,2.6823497562076755,3.0641663034724647,GND,Glyphis gangeticus,NA,NA,no,103,18
Fis-23138,Elasmobranchs,2.390101376962078,2.9044110245880765,PST,Glyphis gangeticus,NA,NA,no,132,39
Fis-23138,Elasmobranchs,2.38503025316362,2.7671400990494193,LLT,Glyphis gangeticus,NA,NA,no,161,51
Fis-26932,Elasmobranchs,2.7817861770231422,3.032515856958811,GND,Gymnura poecilura,NA,NA,no,90,20
Fis-26932,Elasmobranchs,2.388673763483527,2.87099994551015,PST,Gymnura poecilura,NA,NA,no,133,42
Fis-26932,Elasmobranchs,2.4166771109879672,2.87099994551015,LLT,Gymnura poecilura,NA,NA,no,151,43
Fis-29500,Elasmobranchs,2.686425864024602,3.21239908958599,GND,Rhizoprionodon oligolinx,NA,NA,no,102,13
Fis-29500,Elasmobranchs,2.093698613583079,2.944142853042703,PST,Rhizoprionodon oligolinx,NA,NA,no,188,38
Fis-29500,Elasmobranchs,2.300412424300961,3.21239908958599,LLT,Rhizoprionodon oligolinx,NA,NA,no,176,22
Fis-54720,Elasmobranchs,2.0665418407948386,2.5573496822126915,GND,Aptychotrema vincentiana,NA,NA,no,177,38
Fis-159582,Elasmobranchs,2.3587749350496066,2.5486338984166697,GND,Glaucostegus halavi,NA,NA,no,143,40
Fis-26906,Elasmobranchs,2.384965043979267,2.6352534534956047,GND,Anoxypristis cuspidata,NA,NA,no,141,33
Fis-26906,Elasmobranchs,2.107191817930805,2.6352534534956047,PST,Anoxypristis cuspidata,NA,NA,no,185,54
Fis-26906,Elasmobranchs,2.122665563956327,2.6352534534956047,LLT,Anoxypristis cuspidata,NA,NA,no,219,59
Fis-23055,Elasmobranchs,2.146320569705206,2.5573496822126915,GND,Carcharhinus fitzroyensis,NA,NA,no,171,38
Fis-23055,Elasmobranchs,1.975025177483552,2.5573496822126915,PST,Carcharhinus fitzroyensis,NA,NA,no,217,55
Fis-23055,Elasmobranchs,1.9677866077598996,2.5573496822126915,LLT,Carcharhinus fitzroyensis,NA,NA,no,261,62
Fis-23068,Elasmobranchs,2.8706199725614954,3.2217855858778575,GND,Carcharhinus sealei,NA,NA,no,74,12
Fis-23068,Elasmobranchs,2.465559869669603,3.2217855858778575,PST,Carcharhinus sealei,NA,NA,no,111,22
Fis-23068,Elasmobranchs,2.641176375982942,3.4686356299013017,LLT,Carcharhinus sealei,NA,NA,no,104,10
Fis-24448,Elasmobranchs,2.2491159453997014,2.633866653666977,GND,Atelomycterus marmoratus,NA,NA,no,156,34
Fis-24448,Elasmobranchs,1.8450399711017929,2.446168803192358,PST,Atelomycterus marmoratus,NA,NA,no,238,59
Fis-24448,Elasmobranchs,1.87024522371295,2.446168803192358,LLT,Atelomycterus marmoratus,NA,NA,no,277,67
Fis-28559,Elasmobranchs,2.45487421364734,2.6970490948701844,GND,Gymnura zonura,NA,NA,no,129,31
Fis-28559,Elasmobranchs,2.1788513557944436,2.6970490948701844,PST,Gymnura zonura,NA,NA,no,167,50
Fis-28559,Elasmobranchs,2.188155827056591,2.6970490948701844,LLT,Gymnura zonura,NA,NA,no,207,56
Fis-23126,Elasmobranchs,2.4661548902792005,2.7671400990494193,GND,Eucrossorhinus dasypogon,NA,NA,no,126,28
Fis-23292,Elasmobranchs,2.2170156268378545,2.5771637779318937,GND,Sutorectus tentaculatus,NA,NA,no,161,36
Fis-25894,Elasmobranchs,1.8700845205258745,2.2814913415855873,GND,Hemiscyllium ocellatum,NA,NA,no,203,49
Fis-31576,Elasmobranchs,1.7734006857054256,2.187146434491904,GND,Hemiscyllium trispeculare,NA,NA,no,207,50
Fis-47368,Elasmobranchs,2.305131319971225,2.6970490948701844,GND,Gymnura australis,NA,NA,no,151,31
Fis-47368,Elasmobranchs,2.168484398099765,2.6970490948701844,PST,Gymnura australis,NA,NA,no,169,50
Fis-47368,Elasmobranchs,2.1647429359773507,2.6970490948701844,LLT,Gymnura australis,NA,NA,no,210,56
Fis-148497,Elasmobranchs,2.372051821072207,2.6970490948701844,GND,Lamiopsis temminckii,NA,NA,no,142,31
Fis-148497,Elasmobranchs,2.1813550597488693,2.6970490948701844,PST,Lamiopsis temminckii,NA,NA,no,164,50
Fis-148497,Elasmobranchs,2.1644643062741733,2.5486338984166697,LLT,Lamiopsis temminckii,NA,NA,no,211,63
Fis-23046,Elasmobranchs,2.7792423951422665,3.2217855858778575,GND,Carcharhinus amblyrhynchoides,NA,NA,no,92,12
Fis-23046,Elasmobranchs,2.469170936329572,3.2217855858778575,PST,Carcharhinus amblyrhynchoides,NA,NA,no,110,22
Fis-23046,Elasmobranchs,2.637837520551178,3.4686356299013017,LLT,Carcharhinus amblyrhynchoides,NA,NA,no,106,10
Fis-8339,Elasmobranchs,2.408817804489533,2.724025001769573,GND,Stegostoma fasciatum,NA,NA,no,133,30
Fis-8339,Elasmobranchs,2.2411701293967017,2.724025001769573,PST,Stegostoma fasciatum,NA,NA,no,153,48
Fis-8339,Elasmobranchs,2.25695334485601,2.724025001769573,LLT,Stegostoma fasciatum,NA,NA,no,182,53
Fis-25888,Elasmobranchs,2.54202284093758,2.562265582630342,GND,Nebrius ferrugineus,NA,NA,no,119,37
Fis-25888,Elasmobranchs,2.348381263089303,2.794252243991457,PST,Nebrius ferrugineus,NA,NA,no,139,45
Fis-25888,Elasmobranchs,2.3742207702237805,2.794252243991457,LLT,Nebrius ferrugineus,NA,NA,no,163,49
Fis-29298,Elasmobranchs,1.9285026686272304,2.177406973120149,GND,Atelomycterus macleayi,NA,NA,no,199,52
Fis-29298,Elasmobranchs,1.8728972657187328,2.446168803192358,PST,Atelomycterus macleayi,NA,NA,no,234,59
Fis-29298,Elasmobranchs,1.8461690010540708,2.446168803192358,LLT,Atelomycterus macleayi,NA,NA,no,279,67
Fis-15849,Elasmobranchs,2.4496306593178745,2.539584561061745,GND,Gymnura natalensis,NA,NA,no,131,41
Fis-15849,Elasmobranchs,2.422901031391044,2.87099994551015,PST,Gymnura natalensis,NA,NA,no,124,42
Fis-15849,Elasmobranchs,2.3981311753185235,2.87099994551015,LLT,Gymnura natalensis,NA,NA,no,155,43
Fis-23056,Elasmobranchs,2.5840514444299836,2.868376815505143,GND,Carcharhinus galapagensis,NA,NA,no,116,26
Fis-23056,Elasmobranchs,2.914923603886795,3.4686356299013017,PST,Carcharhinus galapagensis,NA,NA,no,32,8
Fis-23056,Elasmobranchs,2.8661540581500966,3.4686356299013017,LLT,Carcharhinus galapagensis,Galapagos shark,no,yes,46,10
Fis-25062,Elasmobranchs,2.3545867483664074,2.5573496822126915,GND,Myliobatis aquila,NA,NA,no,145,38
Fis-25062,Elasmobranchs,2.5624428171031965,2.8805202151684455,PST,Myliobatis aquila,NA,NA,no,92,41
Fis-25062,Elasmobranchs,2.7170054546314772,3.361160024454961,LLT,Myliobatis aquila,NA,NA,no,88,14
Fis-31602,Elasmobranchs,2.3295073790140233,2.737434772318913,GND,Mustelus antarcticus,NA,NA,no,148,29
Fis-31602,Elasmobranchs,2.510954076160325,3.1057794413550366,PST,Mustelus antarcticus,NA,NA,no,99,29
Fis-31602,Elasmobranchs,2.724774934692286,3.361160024454961,LLT,Mustelus antarcticus,NA,NA,no,85,14
Fis-23050,Elasmobranchs,2.7394880177499834,3.0641663034724647,GND,Carcharhinus brachyurus,NA,NA,no,99,18
Fis-23050,Elasmobranchs,2.871445840727578,3.3972683057096047,PST,Carcharhinus brachyurus,NA,NA,no,41,11
Fis-23050,Elasmobranchs,3.1189294600670214,3.632211821002388,LLT,Carcharhinus brachyurus,NA,NA,no,19,3
Fis-25412,Elasmobranchs,2.1934199265159613,2.633866653666977,GND,Mustelus mustelus,NA,NA,no,164,34
Fis-25412,Elasmobranchs,2.43072048852478,3.014891433359049,PST,Mustelus mustelus,NA,NA,no,123,32
Fis-25412,Elasmobranchs,2.5045063849462927,3.277361915717007,LLT,Mustelus mustelus,NA,NA,no,135,18
Fis-25664,Elasmobranchs,2.195241326249461,2.4831475373362295,GND,Rhynchobatus djiddensis,NA,NA,no,163,42
Fis-25664,Elasmobranchs,2.1083640300464936,2.6352534534956047,PST,Rhynchobatus djiddensis,NA,NA,no,184,54
Fis-25664,Elasmobranchs,2.1230093153186465,2.6352534534956047,LLT,Rhynchobatus djiddensis,NA,NA,no,218,59
Fis-25905,Elasmobranchs,2.7627043973654013,3.1265457226801674,GND,Triakis megalopterus,NA,NA,no,95,17
Fis-25905,Elasmobranchs,2.6776414626778724,3.1265457226801674,PST,Triakis megalopterus,NA,NA,no,76,28
Fis-25905,Elasmobranchs,2.665222617134369,3.1265457226801674,LLT,Triakis megalopterus,NA,NA,no,98,27
Fis-23057,Elasmobranchs,2.778054754365104,3.2217855858778575,GND,Carcharhinus hemiodon,NA,NA,no,93,12
Fis-23057,Elasmobranchs,2.604186304646802,3.4686356299013017,PST,Carcharhinus hemiodon,NA,NA,no,84,8
Fis-23057,Elasmobranchs,2.612119211533747,3.4686356299013017,LLT,Carcharhinus hemiodon,NA,NA,no,107,10
Fis-23052,Elasmobranchs,2.624065452562278,3.2217855858778575,GND,Carcharhinus cautus,NA,NA,no,108,12
Fis-23052,Elasmobranchs,2.431487351744902,3.2217855858778575,PST,Carcharhinus cautus,NA,NA,no,122,22
Fis-23052,Elasmobranchs,2.554169708788547,3.4686356299013017,LLT,Carcharhinus cautus,NA,NA,no,123,10
Fis-24046,Elasmobranchs,2.25738504630306,2.6970490948701844,GND,Gymnura micrura,NA,NA,no,155,31
Fis-24046,Elasmobranchs,2.165719487176167,2.6970490948701844,PST,Gymnura micrura,NA,NA,no,172,50
Fis-24046,Elasmobranchs,2.14873989116525,2.6970490948701844,LLT,Gymnura micrura,NA,NA,no,214,56
Fis-25889,Elasmobranchs,2.8167961360371656,3.2217855858778575,GND,Chaenogaleus macrostoma,NA,NA,no,84,12
Fis-25889,Elasmobranchs,2.4921094088375098,3.2217855858778575,PST,Chaenogaleus macrostoma,NA,NA,no,104,22
Fis-25889,Elasmobranchs,2.643755815745801,3.4686356299013017,LLT,Chaenogaleus macrostoma,NA,NA,no,103,10
Fis-21801,Elasmobranchs,2.541510568730024,2.794252243991457,GND,Pastinachus sephen,NA,NA,no,120,27
Fis-21801,Elasmobranchs,2.335120402790417,2.794252243991457,PST,Pastinachus sephen,NA,NA,no,141,45
Fis-21801,Elasmobranchs,2.3629562391430827,2.794252243991457,LLT,Pastinachus sephen,NA,NA,no,165,49
Fis-25470,Elasmobranchs,1.9399929962942537,2.3584207847396907,GND,Chiloscyllium plagiosum,NA,NA,no,198,46
Fis-29411,Elasmobranchs,2.1747081671243955,2.737434772318913,GND,Haploblepharus fuscus,NA,NA,no,167,29
Fis-29411,Elasmobranchs,1.9520734720497288,2.5573496822126915,PST,Haploblepharus fuscus,NA,NA,no,228,55
Fis-29411,Elasmobranchs,1.9447322495339865,2.5573496822126915,LLT,Haploblepharus fuscus,NA,NA,no,268,62
Fis-61250,Elasmobranchs,2.088949620181619,2.5573496822126915,GND,Trygonoptera ovalis,NA,NA,no,175,38
Fis-61250,Elasmobranchs,1.9724728634477608,2.5573496822126915,PST,Trygonoptera ovalis,NA,NA,no,219,55
Fis-61250,Elasmobranchs,1.9623193331853777,2.5573496822126915,LLT,Trygonoptera ovalis,NA,NA,no,265,62
Fis-161480,Elasmobranchs,2.3402751271073794,2.4558976226668725,GND,Himantura leoparda,NA,NA,no,147,43
Fis-161480,Elasmobranchs,2.2135428498105365,2.6970490948701844,PST,Himantura leoparda,NA,NA,no,159,50
Fis-161480,Elasmobranchs,2.2317716680910267,2.6970490948701844,LLT,Himantura leoparda,NA,NA,no,194,56
Fis-27676,Elasmobranchs,2.526188266412537,2.737434772318913,GND,Aetomylaeus nichofii,NA,NA,no,121,29
Fis-27676,Elasmobranchs,2.4787913238388812,3.361160024454961,PST,Aetomylaeus nichofii,NA,NA,no,107,14
Fis-27676,Elasmobranchs,2.468912160711672,3.361160024454961,LLT,Aetomylaeus nichofii,NA,NA,no,141,14
Fis-31573,Elasmobranchs,2.049809161826502,2.178735057958458,GND,Chiloscyllium punctatum,NA,NA,no,182,51
Fis-23311,Elasmobranchs,2.8083751210596226,3.032515856958811,GND,Triaenodon obesus,NA,NA,no,85,20
Fis-23311,Elasmobranchs,2.896822613903991,3.368748911443169,PST,Triaenodon obesus,NA,NA,no,37,13
Fis-23311,Elasmobranchs,3.1353382209241896,3.6055512754639896,LLT,Triaenodon obesus,NA,NA,no,14,4
Fis-160925,Elasmobranchs,2.0022743667871037,2.400312130772126,GND,Electrolux addisoni,NA,NA,no,193,45
Fis-23128,Elasmobranchs,2.8458824068134434,3.30358504420297,GND,Eusphyra blochii,NA,NA,no,78,9
Fis-23128,Elasmobranchs,2.573768133456377,3.30358504420297,PST,Eusphyra blochii,NA,NA,no,90,17
Fis-23128,Elasmobranchs,2.7268220348861427,3.5447432792703073,LLT,Eusphyra blochii,NA,NA,no,84,6
Fis-27240,Elasmobranchs,2.617691668436954,2.737434772318913,GND,Aetobatus flagellum,NA,NA,no,110,29
Fis-27240,Elasmobranchs,2.5355359684856147,3.361160024454961,PST,Aetobatus flagellum,NA,NA,no,95,14
Fis-27240,Elasmobranchs,2.566809717475558,3.361160024454961,LLT,Aetobatus flagellum,NA,NA,no,117,14
Fis-28555,Elasmobranchs,2.2836794558453586,2.4558976226668725,GND,Himantura granulata,NA,NA,no,152,43
Fis-28555,Elasmobranchs,2.213155645294143,2.6970490948701844,PST,Himantura granulata,NA,NA,no,160,50
Fis-28555,Elasmobranchs,2.220208229029203,2.6970490948701844,LLT,Himantura granulata,NA,NA,no,197,56
Fis-23193,Elasmobranchs,2.9143017519431615,3.0641663034724647,GND,Negaprion acutidens,NA,NA,no,65,18
Fis-23193,Elasmobranchs,2.901218202929903,3.632211821002388,PST,Negaprion acutidens,NA,NA,no,34,2
Fis-23193,Elasmobranchs,2.927717406007423,3.632211821002388,LLT,Negaprion acutidens,NA,NA,no,37,3
Fis-161494,Elasmobranchs,2.166466447432299,2.3016074187389277,GND,Neotrygon kuhlii,NA,NA,no,169,48
Fis-161494,Elasmobranchs,2.1498324313627064,2.5573496822126915,PST,Neotrygon kuhlii,NA,NA,no,179,55
Fis-161494,Elasmobranchs,2.153540812448889,2.5573496822126915,LLT,Neotrygon kuhlii,NA,NA,no,213,62
Fis-29505,Elasmobranchs,1.9867703097514768,2.5525791532251305,GND,Scoliodon laticaudus,NA,NA,no,194,39
Fis-29505,Elasmobranchs,1.7008451069092687,2.3584207847396907,PST,Scoliodon laticaudus,NA,NA,no,240,63
Fis-29505,Elasmobranchs,1.7412680545854142,2.3584207847396907,LLT,Scoliodon laticaudus,NA,NA,no,282,69
Fis-161456,Elasmobranchs,2.0131122108671153,2.178735057958458,GND,Rhynchobatus palpebratus,NA,NA,no,190,51
Fis-161456,Elasmobranchs,2.0056269313675292,2.5573496822126915,PST,Rhynchobatus palpebratus,NA,NA,no,211,55
Fis-161456,Elasmobranchs,2.006306832683837,2.5573496822126915,LLT,Rhynchobatus palpebratus,NA,NA,no,253,62
Fis-159584,Elasmobranchs,2.183219621106867,2.3411370903481865,GND,Glaucostegus typus,NA,NA,no,166,47
Fis-23202,Elasmobranchs,2.3875510406598974,2.57729557005258,GND,Orectolobus ornatus,NA,NA,no,140,35
Fis-23220,Elasmobranchs,2.0346330728625808,2.3016074187389277,GND,Poroderma africanum,NA,NA,no,185,48
Fis-23220,Elasmobranchs,2.0333062385281004,2.5573496822126915,PST,Poroderma africanum,NA,NA,no,207,55
Fis-23220,Elasmobranchs,2.0026857496767376,2.5573496822126915,LLT,Poroderma africanum,NA,NA,no,255,62
Fis-24127,Elasmobranchs,3.2550326724618373,3.27548468040945,GND,Mobula thurstoni,NA,NA,no,11,10
Fis-24127,Elasmobranchs,2.9752755162197033,3.395975186730664,PST,Mobula thurstoni,Bentfin devilray,no,yes,23,12
Fis-24127,Elasmobranchs,2.829187095531891,3.1265457226801674,LLT,Mobula thurstoni,Bentfin devilray,no,yes,53,27
Fis-28561,Elasmobranchs,2.3488123828564205,2.4558976226668725,GND,Aetomylaeus milvus,NA,NA,no,146,43
Fis-28561,Elasmobranchs,2.245573154736641,2.6970490948701844,PST,Aetomylaeus milvus,NA,NA,no,151,50
Fis-28561,Elasmobranchs,2.249686119292152,2.6970490948701844,LLT,Aetomylaeus milvus,NA,NA,no,186,56
Fis-23053,Elasmobranchs,2.472429916665759,2.737434772318913,GND,Carcharhinus dussumieri,NA,NA,no,125,29
Fis-23053,Elasmobranchs,2.3634044635411273,3.1057794413550366,PST,Carcharhinus dussumieri,NA,NA,no,138,29
Fis-23053,Elasmobranchs,2.4816147571226237,3.1057794413550366,LLT,Carcharhinus dussumieri,NA,NA,no,138,28
Fis-23146,Elasmobranchs,2.02894021901325,2.3016074187389277,GND,Haploblepharus edwardsii,NA,NA,no,186,48
Fis-23146,Elasmobranchs,2.062347242619729,2.5573496822126915,PST,Haploblepharus edwardsii,NA,NA,no,196,55
Fis-23146,Elasmobranchs,2.024167432200711,2.5573496822126915,LLT,Haploblepharus edwardsii,NA,NA,no,246,62
Fis-23028,Elasmobranchs,1.8791140244171656,2.177406973120149,GND,Asymbolus analis,NA,NA,no,201,52
Fis-23028,Elasmobranchs,1.9689994588805488,2.446168803192358,PST,Asymbolus analis,NA,NA,no,221,59
Fis-23028,Elasmobranchs,1.9213457826796871,2.446168803192358,LLT,Asymbolus analis,NA,NA,no,272,67
Fis-25900,Elasmobranchs,2.0216500184315387,2.3016074187389277,GND,Furgaleus macki,NA,NA,no,187,48
Fis-25900,Elasmobranchs,2.139830592339375,2.5573496822126915,PST,Furgaleus macki,NA,NA,no,181,55
Fis-25900,Elasmobranchs,2.0941322386220063,2.5573496822126915,LLT,Furgaleus macki,NA,NA,no,225,62
Fis-23221,Elasmobranchs,2.02063009047723,2.3016074187389277,GND,Poroderma pantherinum,NA,NA,no,188,48
Fis-23221,Elasmobranchs,2.1658930214200036,2.5573496822126915,PST,Poroderma pantherinum,NA,NA,no,171,55
Fis-23221,Elasmobranchs,2.103408700589028,2.5573496822126915,LLT,Poroderma pantherinum,NA,NA,no,221,62
Fis-23243,Elasmobranchs,2.1668157645430535,2.5525791532251305,GND,Rhizoprionodon taylori,NA,NA,no,168,39
Fis-23243,Elasmobranchs,2.3828323413936645,2.944142853042703,PST,Rhizoprionodon taylori,NA,NA,no,134,38
Fis-23243,Elasmobranchs,2.539663303988556,3.21239908958599,LLT,Rhizoprionodon taylori,NA,NA,no,126,22
Fis-169677,Elasmobranchs,2.4085808099199397,2.5573496822126915,GND,Carcharhinus humani,NA,NA,no,134,38
Fis-169677,Elasmobranchs,2.660657604161965,3.1057794413550366,PST,Carcharhinus humani,NA,NA,no,78,29
Fis-169677,Elasmobranchs,2.80005868656807,3.361160024454961,LLT,Carcharhinus humani,NA,NA,no,66,14
Fis-23045,Elasmobranchs,2.844643671617257,2.9599590096213557,GND,Carcharhinus altimus,NA,NA,no,79,22
Fis-23045,Elasmobranchs,2.795286880211065,3.30358504420297,PST,Carcharhinus altimus,NA,NA,no,56,17
Fis-23045,Elasmobranchs,3.191338677524796,3.5447432792703073,LLT,Carcharhinus altimus,NA,NA,no,11,6
Fis-31594,Elasmobranchs,2.3157381112288915,2.737434772318913,GND,Mustelus palumbes,NA,NA,no,149,29
Fis-31594,Elasmobranchs,2.6132014306334828,3.361160024454961,PST,Mustelus palumbes,NA,NA,no,80,14
Fis-31594,Elasmobranchs,2.707246270399784,3.361160024454961,LLT,Mustelus palumbes,NA,NA,no,90,14
Fis-58485,Elasmobranchs,3.2353511923823692,3.27548468040945,GND,Isurus oxyrinchus,Shortfin mako,yes,yes,14,10
Fis-58485,Elasmobranchs,3.133544551389666,3.395975186730664,PST,Isurus oxyrinchus,NA,NA,no,7,12
Fis-58485,Elasmobranchs,3.294841074174818,3.5890272633737266,LLT,Isurus oxyrinchus,Shortfin mako,yes,yes,5,5
Fis-22768,Elasmobranchs,2.9495323164185416,3.27548468040945,GND,Lamna nasus,NA,NA,no,51,10
Fis-22768,Elasmobranchs,3.071784710607953,3.5890272633737266,PST,Lamna nasus,NA,NA,no,12,3
Fis-22768,Elasmobranchs,3.148666798537938,3.5890272633737266,LLT,Lamna nasus,﻿Porbeagle shark,no,yes,13,5
Fis-58398,Elasmobranchs,2.0389675358576715,2.178735057958458,GND,Dasyatis chrysonota,NA,NA,no,184,51
Fis-58398,Elasmobranchs,2.0376833315843705,2.400312130772126,PST,Dasyatis chrysonota,NA,NA,no,205,61
Fis-58398,Elasmobranchs,2.0140294457636703,2.5573496822126915,LLT,Dasyatis chrysonota,NA,NA,no,251,62
Fis-160691,Elasmobranchs,2.7499911285189804,3.0641663034724647,GND,Squalus hemipinnis,NA,NA,no,98,18
Fis-160691,Elasmobranchs,2.7226932694734822,3.3972683057096047,PST,Squalus hemipinnis,NA,NA,no,71,11
Fis-160691,Elasmobranchs,2.819011043928003,3.632211821002388,LLT,Squalus hemipinnis,NA,NA,no,59,3
Fis-28562,Elasmobranchs,2.7323689690858943,2.868376815505143,GND,Aetomylaeus vespertilio,NA,NA,no,100,26
Fis-28562,Elasmobranchs,2.7385376316642702,3.4686356299013017,PST,Aetomylaeus vespertilio,NA,NA,no,67,8
Fis-28562,Elasmobranchs,2.7633157256062697,3.4686356299013017,LLT,Aetomylaeus vespertilio,NA,NA,no,78,10
Fis-30780,Elasmobranchs,1.8030758967680232,1.941390649394416,GND,Chiloscyllium griseum,NA,NA,no,206,55
Fis-161495,Elasmobranchs,2.0534912968088412,2.3016074187389277,GND,Neotrygon leylandi,NA,NA,no,181,48
Fis-161495,Elasmobranchs,2.016119817739248,2.5573496822126915,PST,Neotrygon leylandi,NA,NA,no,209,55
Fis-161495,Elasmobranchs,2.003609462657283,2.5573496822126915,LLT,Neotrygon leylandi,NA,NA,no,254,62
Fis-32975,Elasmobranchs,2.2456449470226634,2.3411370903481865,GND,Rhina ancylostoma,NA,NA,no,158,47
Fis-32975,Elasmobranchs,2.235478414765966,2.6970490948701844,PST,Rhina ancylostoma,NA,NA,no,157,50
Fis-32975,Elasmobranchs,2.2489777076821693,2.6970490948701844,LLT,Rhina ancylostoma,NA,NA,no,187,56
Fis-159583,Elasmobranchs,2.2246452240411796,2.3411370903481865,GND,Glaucostegus granulatus,NA,NA,no,160,47
Fis-31571,Elasmobranchs,1.726677521730274,1.821951676300141,GND,Chiloscyllium arabicum,NA,NA,no,208,57
Fis-161466,Elasmobranchs,2.019960552351008,2.3016074187389277,GND,Trygonoptera imitata,NA,NA,no,189,48
Fis-161466,Elasmobranchs,2.050078169192875,2.5573496822126915,PST,Trygonoptera imitata,NA,NA,no,201,55
Fis-161466,Elasmobranchs,2.022094401541893,2.5573496822126915,LLT,Trygonoptera imitata,NA,NA,no,247,62
Fis-161491,Elasmobranchs,2.0655521362877836,2.3016074187389277,GND,Neotrygon picta,NA,NA,no,178,48
Fis-161491,Elasmobranchs,2.0375085386069816,2.5573496822126915,PST,Neotrygon picta,NA,NA,no,206,55
Fis-161491,Elasmobranchs,2.0286410539191357,2.5573496822126915,LLT,Neotrygon picta,NA,NA,no,242,62
Fis-48194,Elasmobranchs,2.4396421657147473,2.737434772318913,GND,Hemipristis elongata,NA,NA,no,132,29
Fis-48194,Elasmobranchs,2.4185483674310575,3.1057794413550366,PST,Hemipristis elongata,NA,NA,no,126,29
Fis-48194,Elasmobranchs,2.5658395941863037,3.361160024454961,LLT,Hemipristis elongata,NA,NA,no,119,14
Fis-161493,Elasmobranchs,2.0427501059008293,2.3016074187389277,GND,Neotrygon annotata,NA,NA,no,183,48
Fis-161493,Elasmobranchs,1.9916855708106365,2.5573496822126915,PST,Neotrygon annotata,NA,NA,no,213,55
Fis-161493,Elasmobranchs,1.9823588194031936,2.5573496822126915,LLT,Neotrygon annotata,NA,NA,no,259,62
Fis-24044,Elasmobranchs,2.4029559131713394,2.6457513110645907,GND,Gymnura altavela,NA,NA,no,135,32
Fis-24044,Elasmobranchs,2.411854644706014,2.87099994551015,PST,Gymnura altavela,NA,NA,no,128,42
Fis-24044,Elasmobranchs,2.387282924549202,2.87099994551015,LLT,Gymnura altavela,NA,NA,no,159,43
Fis-25886,Elasmobranchs,2.1882105839659105,2.4558976226668725,GND,Brachaelurus waddi,NA,NA,no,165,43
Fis-25886,Elasmobranchs,2.2366500116664993,2.6970490948701844,PST,Brachaelurus waddi,NA,NA,no,155,50
Fis-25886,Elasmobranchs,2.2046206257620886,2.6970490948701844,LLT,Brachaelurus waddi,NA,NA,no,200,56
Fis-29388,Elasmobranchs,2.9450702148498205,3.146500995201706,GND,Carcharias taurus,NA,NA,no,54,16
Fis-29388,Elasmobranchs,2.9668434580162173,3.471712159504043,PST,Carcharias taurus,NA,NA,no,24,7
Fis-29388,Elasmobranchs,3.1278872415146513,3.7019341012636486,LLT,Carcharias taurus,NA,NA,no,16,2
Fis-29436,Elasmobranchs,2.5569566243650925,2.737434772318913,GND,Loxodon macrorhinus,NA,NA,no,117,29
Fis-29436,Elasmobranchs,2.409722107721096,3.1057794413550366,PST,Loxodon macrorhinus,NA,NA,no,129,29
Fis-29436,Elasmobranchs,2.605411149055573,3.361160024454961,LLT,Loxodon macrorhinus,NA,NA,no,108,14
Fis-57444,Elasmobranchs,1.854323106328992,1.9341926291329536,GND,Rhinobatos punctifer,NA,NA,no,204,56
Fis-57444,Elasmobranchs,1.9586185820745177,2.2814913415855873,PST,Rhinobatos punctifer,NA,NA,no,225,65
Fis-57444,Elasmobranchs,1.9429343189592132,2.446168803192358,LLT,Rhinobatos punctifer,NA,NA,no,269,67
Fis-23048,Elasmobranchs,2.8742709002961377,3.0641663034724647,GND,Carcharhinus amboinensis,NA,NA,no,73,18
Fis-23048,Elasmobranchs,2.8327234958682435,3.3972683057096047,PST,Carcharhinus amboinensis,NA,NA,no,48,11
Fis-23048,Elasmobranchs,2.9935864302617254,3.632211821002388,LLT,Carcharhinus amboinensis,NA,NA,no,33,3
Fis-47835,Elasmobranchs,2.6655027413576686,3.032515856958811,GND,Carcharhinus tilstoni,NA,NA,no,106,20
Fis-47835,Elasmobranchs,2.7383847453589927,3.368748911443169,PST,Carcharhinus tilstoni,NA,NA,no,68,13
Fis-47835,Elasmobranchs,2.833722043174701,3.6055512754639896,LLT,Carcharhinus tilstoni,NA,NA,no,52,4
Fis-33107,Elasmobranchs,2.0617889317606193,2.178735057958458,GND,Dasyatis marmorata,NA,NA,no,179,51
Fis-33107,Elasmobranchs,1.9994410784956345,2.400312130772126,PST,Dasyatis marmorata,NA,NA,no,212,61
Fis-33107,Elasmobranchs,1.992997901058761,2.400312130772126,LLT,Dasyatis marmorata,NA,NA,no,256,68
Fis-53171,Elasmobranchs,2.009647350182672,2.3016074187389277,GND,Urolophus cruciatus,NA,NA,no,192,48
Fis-53171,Elasmobranchs,2.0813147729002024,2.5573496822126915,PST,Urolophus cruciatus,NA,NA,no,190,55
Fis-53171,Elasmobranchs,2.0431899176957415,2.5573496822126915,LLT,Urolophus cruciatus,NA,NA,no,235,62
Fis-23144,Elasmobranchs,2.011239048797046,2.3016074187389277,GND,Halaelurus natalensis,NA,NA,no,191,48
Fis-23144,Elasmobranchs,2.092405634980758,2.5573496822126915,PST,Halaelurus natalensis,NA,NA,no,189,55
Fis-23144,Elasmobranchs,2.0466553237336274,2.5573496822126915,LLT,Halaelurus natalensis,NA,NA,no,232,62
Fis-23062,Elasmobranchs,2.5537196374481503,2.737434772318913,GND,Carcharhinus macloti,NA,NA,no,118,29
Fis-23062,Elasmobranchs,2.5106201029058273,3.1057794413550366,PST,Carcharhinus macloti,NA,NA,no,100,29
Fis-23062,Elasmobranchs,2.698036034458146,3.361160024454961,LLT,Carcharhinus macloti,NA,NA,no,92,14
Fis-28563,Elasmobranchs,2.780336848007608,3.5447432792703073,PST,Aetobatus ocellatus,NA,NA,no,60,4
Fis-28563,Elasmobranchs,2.8091500645867296,3.5447432792703073,LLT,Aetobatus ocellatus,NA,NA,no,62,6
Fis-54691,Elasmobranchs,2.0725015917012253,2.5573496822126915,PST,Urolophus paucimaculatus,NA,NA,no,194,55
Fis-54691,Elasmobranchs,2.0413627674258747,2.5573496822126915,LLT,Urolophus paucimaculatus,NA,NA,no,237,62
Fis-31583,Elasmobranchs,1.8207386293462469,2.3584207847396907,PST,Parascyllium ferrugineum,NA,NA,no,239,63
Fis-31583,Elasmobranchs,1.7829761621263098,2.3584207847396907,LLT,Parascyllium ferrugineum,NA,NA,no,281,69
Fis-25895,Elasmobranchs,1.850738284384035,2.3584207847396907,PST,Parascyllium variolatum,NA,NA,no,237,63
Fis-25895,Elasmobranchs,1.805888101763388,2.3584207847396907,LLT,Parascyllium variolatum,NA,NA,no,280,69
Fis-166734,Elasmobranchs,2.4968049176062306,2.87099994551015,PST,Taeniurops meyeni,NA,NA,no,101,42
Fis-166734,Elasmobranchs,2.5974208351750994,2.87099994551015,LLT,Taeniurops meyeni,NA,NA,no,110,43
Fis-23066,Elasmobranchs,2.801653045953071,2.9599590096213557,GND,Carcharhinus plumbeus,NA,NA,no,86,22
Fis-23066,Elasmobranchs,2.9175851792774012,3.5447432792703073,PST,Carcharhinus plumbeus,NA,NA,no,31,4
Fis-23066,Elasmobranchs,3.128785440012667,3.5447432792703073,LLT,Carcharhinus plumbeus,NA,NA,no,15,6
Fis-23044,Elasmobranchs,3.1293168116152543,3.27548468040945,GND,Carcharhinus albimarginatus,NA,NA,no,34,10
Fis-23044,Elasmobranchs,3.1551060286975505,3.5890272633737266,PST,Carcharhinus albimarginatus,NA,NA,no,6,3
Fis-23044,Elasmobranchs,3.305560538555769,3.5890272633737266,LLT,Carcharhinus albimarginatus,NA,NA,no,4,5
Fis-23239,Elasmobranchs,2.4477548071543556,3.014891433359049,PST,Rhizoprionodon acutus,NA,NA,no,117,32
Fis-23239,Elasmobranchs,2.651439263877971,3.277361915717007,LLT,Rhizoprionodon acutus,NA,NA,no,101,18
Fis-26148,Elasmobranchs,2.18064587241858,2.6970490948701844,PST,Himantura uarnak,NA,NA,no,166,50
Fis-26148,Elasmobranchs,2.2101991492642936,2.6970490948701844,LLT,Himantura uarnak,NA,NA,no,199,56
Fis-61406,Elasmobranchs,1.963109409751686,2.5573496822126915,PST,Urolophus orarius,NA,NA,no,224,55
Fis-61406,Elasmobranchs,1.9564238915054468,2.5573496822126915,LLT,Urolophus orarius,NA,NA,no,266,62
Fis-170784,Elasmobranchs,2.238681050229344,2.6970490948701844,PST,Aetomylaeus bovinus,NA,NA,no,154,50
Fis-170784,Elasmobranchs,2.201730021774926,2.6970490948701844,LLT,Aetomylaeus bovinus,NA,NA,no,201,56
Fis-23082,Elasmobranchs,2.2939555053520873,2.6970490948701844,PST,Cephaloscyllium laticeps,NA,NA,no,145,50
Fis-23082,Elasmobranchs,2.2539020658079,2.6970490948701844,LLT,Cephaloscyllium laticeps,NA,NA,no,183,56
Fis-156398,Elasmobranchs,2.4363607855553204,3.1057794413550366,PST,Hemigaleus australiensis,NA,NA,no,121,29
Fis-156398,Elasmobranchs,2.56634187023349,3.361160024454961,LLT,Hemigaleus australiensis,NA,NA,no,118,14
Fis-25414,Elasmobranchs,2.3074077434807485,3.1057794413550366,PST,Paragaleus pectoralis,NA,NA,no,144,29
Fis-25414,Elasmobranchs,2.4065815827609005,3.361160024454961,LLT,Paragaleus pectoralis,NA,NA,no,154,14
Fis-31570,Elasmobranchs,2.5181625583982172,3.1057794413550366,PST,Hemigaleus microstoma,NA,NA,no,98,29
Fis-31570,Elasmobranchs,2.6878573133946633,3.361160024454961,LLT,Hemigaleus microstoma,NA,NA,no,94,14
Fis-23153,Elasmobranchs,2.2573711002109462,2.6352534534956047,PST,Heterodontus portusjacksoni,NA,NA,no,150,54
Fis-23153,Elasmobranchs,2.2102454191160428,2.6352534534956047,LLT,Heterodontus portusjacksoni,NA,NA,no,198,59
Fis-29409,Elasmobranchs,2.158115660503992,2.400312130772126,PST,Halaelurus lineatus,NA,NA,no,177,61
Fis-29409,Elasmobranchs,2.113203958205268,2.5573496822126915,LLT,Halaelurus lineatus,NA,NA,no,220,62
Fis-131407,Elasmobranchs,1.886279186958968,2.446168803192358,PST,Atelomycterus fasciatus,NA,NA,no,232,59
Fis-131407,Elasmobranchs,1.8631121057072069,2.446168803192358,LLT,Atelomycterus fasciatus,NA,NA,no,278,67
Fis-23223,Elasmobranchs,2.3090126203286743,2.6970490948701844,PST,Pristiophorus cirratus,NA,NA,no,143,50
Fis-23223,Elasmobranchs,2.2950416777259885,2.6970490948701844,LLT,Pristiophorus cirratus,NA,NA,no,178,56
Fis-25902,Elasmobranchs,2.520797945596082,3.1057794413550366,PST,Hypogaleus hyugaensis,NA,NA,no,97,29
Fis-25902,Elasmobranchs,2.6854947619808653,3.361160024454961,LLT,Hypogaleus hyugaensis,NA,NA,no,95,14
Fis-29540,Elasmobranchs,2.4216567325111726,2.794252243991457,PST,Squatina australis,NA,NA,no,125,45
Fis-29540,Elasmobranchs,2.3815924863410123,2.794252243991457,LLT,Squatina australis,NA,NA,no,162,49
Fis-31600,Elasmobranchs,1.9909035032454272,2.2814913415855873,PST,Mustelus manazo,NA,NA,no,214,65
Fis-31600,Elasmobranchs,2.025547961871246,2.2814913415855873,LLT,Mustelus manazo,NA,NA,no,245,70
Fis-140634,Elasmobranchs,1.955834445971587,2.446168803192358,PST,Asymbolus submaculatus,NA,NA,no,226,59
Fis-140634,Elasmobranchs,1.9150689001622103,2.446168803192358,LLT,Asymbolus submaculatus,NA,NA,no,274,67
Fis-29536,Elasmobranchs,2.4792796358937066,2.7671400990494193,PST,Squalus mitsukurii,NA,NA,no,106,47
Fis-29536,Elasmobranchs,2.74120609285809,3.192641964365794,LLT,Squalus mitsukurii,NA,NA,no,82,23
Fis-29485,Elasmobranchs,2.0580650951891473,2.5573496822126915,PST,Pristiophorus nudipinnis,NA,NA,no,199,55
Fis-29485,Elasmobranchs,2.029302543070196,2.5573496822126915,LLT,Pristiophorus nudipinnis,NA,NA,no,241,62
Fis-29532,Elasmobranchs,2.0785320052858336,2.269671742747044,PST,Squalus acanthias,NA,NA,no,192,66
Fis-29532,Elasmobranchs,2.2773706982726347,2.4831475373362295,LLT,Squalus acanthias,NA,NA,no,179,66
Fis-29406,Elasmobranchs,2.167676845468447,2.5573496822126915,PST,Halaelurus boesemani,NA,NA,no,170,55
Fis-29406,Elasmobranchs,2.1599469892155865,2.5573496822126915,LLT,Halaelurus boesemani,NA,NA,no,212,62
Fis-29481,Elasmobranchs,2.243338248148462,2.6970490948701844,PST,Pliotrema warreni,NA,NA,no,152,50
Fis-29481,Elasmobranchs,2.305790729582058,2.6970490948701844,LLT,Pliotrema warreni,NA,NA,no,172,56
Fis-29539,Elasmobranchs,2.266750855880942,2.724025001769573,PST,Squatina africana,NA,NA,no,147,48
Fis-29539,Elasmobranchs,2.349934823945076,2.724025001769573,LLT,Squatina africana,NA,NA,no,167,53
Fis-32609,Elasmobranchs,1.9654407573151085,2.446168803192358,PST,Rhinobatos schlegelii,NA,NA,no,222,59
Fis-32609,Elasmobranchs,1.9534254724421425,2.446168803192358,LLT,Rhinobatos schlegelii,NA,NA,no,267,67
Fis-24153,Elasmobranchs,2.4607632471082335,2.7671400990494193,PST,Notorynchus cepedianus,NA,NA,no,112,47
Fis-24153,Elasmobranchs,2.5246797218916135,2.9044110245880765,LLT,Notorynchus cepedianus,NA,NA,no,130,40
Fis-29367,Elasmobranchs,2.765629990323204,3.0641663034724647,PST,Echinorhinus cookei,NA,NA,no,65,31
Fis-29367,Elasmobranchs,2.820297807341099,3.3972683057096047,LLT,Echinorhinus cookei,NA,NA,no,58,12
Fis-160267,Elasmobranchs,2.047992374838619,2.5573496822126915,PST,Halaelurus sellus,NA,NA,no,202,55
Fis-160267,Elasmobranchs,2.0369758859039884,2.5573496822126915,LLT,Halaelurus sellus,NA,NA,no,239,62
Fis-23198,Elasmobranchs,2.8477701255419468,3.2717451138648763,LLT,Odontaspis ferox,NA,NA,no,49,19
Fis-29421,Elasmobranchs,2.565639916074743,3.2444014473390883,PST,Isistius plutodus,NA,NA,no,91,20
Fis-29421,Elasmobranchs,2.6467820738872634,3.489652063336177,LLT,Isistius plutodus,NA,NA,no,102,8
Fis-61410,Elasmobranchs,2.0731753107201896,2.5573496822126915,PST,Urolophus westraliensis,NA,NA,no,193,55
Fis-61410,Elasmobranchs,2.0342930998181066,2.5573496822126915,LLT,Urolophus westraliensis,NA,NA,no,240,62
Fis-159136,Elasmobranchs,1.9236930274139317,2.446168803192358,PST,Rhinobatos sainsburyi,NA,NA,no,230,59
Fis-159136,Elasmobranchs,1.8919330230703264,2.446168803192358,LLT,Rhinobatos sainsburyi,NA,NA,no,275,67
Fis-47425,Elasmobranchs,2.0607864063028525,2.5573496822126915,PST,Urolophus viridis,NA,NA,no,197,55
Fis-47425,Elasmobranchs,2.0258844787986954,2.5573496822126915,LLT,Urolophus viridis,NA,NA,no,244,62
Fis-23252,Elasmobranchs,2.038660825263311,2.400312130772126,PST,Scyliorhinus capensis,NA,NA,no,204,61
Fis-23252,Elasmobranchs,2.1024435482608,2.5573496822126915,LLT,Scyliorhinus capensis,NA,NA,no,222,62
Fis-34717,Elasmobranchs,2.109087257470513,2.5573496822126915,PST,Urolophus flavomosaicus,NA,NA,no,183,55
Fis-34717,Elasmobranchs,2.084550488708044,2.5573496822126915,LLT,Urolophus flavomosaicus,NA,NA,no,226,62
Fis-140692,Elasmobranchs,1.8872768697668103,2.2814913415855873,PST,Asymbolus rubiginosus,NA,NA,no,231,65
Fis-140692,Elasmobranchs,1.9651228494082116,2.446168803192358,LLT,Asymbolus rubiginosus,NA,NA,no,262,67
Fis-29416,Elasmobranchs,2.469278627535803,2.7671400990494193,PST,Hexanchus nakamurai,NA,NA,no,109,47
Fis-29416,Elasmobranchs,2.5672273045358924,2.9044110245880765,LLT,Hexanchus nakamurai,NA,NA,no,116,40
Fis-33777,Elasmobranchs,2.106010929291476,2.400312130772126,PST,Rhinobatos holcorhynchus,NA,NA,no,186,61
Fis-33777,Elasmobranchs,2.076330888730786,2.5573496822126915,LLT,Rhinobatos holcorhynchus,NA,NA,no,227,62
Fis-23155,Elasmobranchs,2.0531402885781547,2.3477167900360074,PST,Heterodontus ramalheira,NA,NA,no,200,64
Fis-23155,Elasmobranchs,2.0217872658515477,2.5080496801695347,LLT,Heterodontus ramalheira,NA,NA,no,248,64
Fis-47424,Elasmobranchs,2.2651343421269425,2.5486338984166697,PST,Urolophus sufflavus,NA,NA,no,148,56
Fis-47424,Elasmobranchs,2.2430815783594285,2.5486338984166697,LLT,Urolophus sufflavus,NA,NA,no,189,63
Fis-23029,Elasmobranchs,1.855015933299695,2.2814913415855873,PST,Asymbolus vincenti,NA,NA,no,236,65
Fis-23029,Elasmobranchs,1.9189958846322537,2.446168803192358,LLT,Asymbolus vincenti,NA,NA,no,273,67
Fis-23084,Elasmobranchs,2.1767654625273383,2.4207148237177765,PST,Cephaloscyllium sufflans,NA,NA,no,168,60
Fis-23084,Elasmobranchs,2.2338215794436116,2.6970490948701844,LLT,Cephaloscyllium sufflans,NA,NA,no,193,56
Fis-161470,Elasmobranchs,2.04111436237386,2.5573496822126915,PST,Trygonoptera galba,NA,NA,no,203,55
Fis-161470,Elasmobranchs,2.011978446422126,2.5573496822126915,LLT,Trygonoptera galba,NA,NA,no,252,62
Fis-47420,Elasmobranchs,2.059076468873689,2.5573496822126915,PST,Urolophus bucculentus,NA,NA,no,198,55
Fis-47420,Elasmobranchs,2.027590313154951,2.5573496822126915,LLT,Urolophus bucculentus,NA,NA,no,243,62
Fis-23253,Elasmobranchs,1.8574248566524163,2.047093273247564,PST,Scyliorhinus garmani,NA,NA,no,235,68
Fis-23253,Elasmobranchs,1.9332888844623024,2.2814913415855873,LLT,Scyliorhinus garmani,NA,NA,no,271,70
Fis-23280,Elasmobranchs,2.7685835981039193,3.3972683057096047,PST,Squalus megalops,NA,NA,no,64,11
Fis-23280,Elasmobranchs,2.8615113464808832,3.3972683057096047,LLT,Squalus megalops,NA,NA,no,48,12
Fis-161402,Elasmobranchs,2.3756411142259273,3.277361915717007,PST,Mustelus stevensi,NA,NA,no,136,18
Fis-161402,Elasmobranchs,2.544975360824891,3.277361915717007,LLT,Mustelus stevensi,NA,NA,no,124,18
Fis-31577,Elasmobranchs,2.8782847711502733,3.2298029281144576,PST,Megachasma pelagios,NA,NA,no,39,21
Fis-31577,Elasmobranchs,2.8211882598410742,3.1265457226801674,LLT,Megachasma pelagios,NA,NA,no,56,27
Fis-29338,Elasmobranchs,2.501598464766564,2.732050807568877,LLT,Chlamydoselachus anguineus,NA,NA,no,136,52
Fis-160464,Elasmobranchs,2.2869595692166405,3.014891433359049,PST,Mustelus ravidus,NA,NA,no,146,32
Fis-160464,Elasmobranchs,2.436070194414508,3.277361915717007,LLT,Mustelus ravidus,NA,NA,no,148,18
Fis-140641,Elasmobranchs,1.882047860982306,2.446168803192358,PST,Asymbolus occiduus,NA,NA,no,233,59
Fis-140641,Elasmobranchs,1.9839663921590465,2.446168803192358,LLT,Asymbolus occiduus,NA,NA,no,258,67
Fis-23159,Elasmobranchs,1.9525805713747504,2.178735057958458,PST,Holohalaelurus regani,NA,NA,no,227,67
Fis-23159,Elasmobranchs,1.9864368721215744,2.400312130772126,LLT,Holohalaelurus regani,NA,NA,no,257,68
Fis-31585,Elasmobranchs,2.264933496693291,2.682606231924549,LLT,Eridacnis radcliffei,NA,NA,no,180,57
Fis-160862,Elasmobranchs,2.235478998053277,2.724025001769573,PST,Squatina pseudocellata,NA,NA,no,156,48
Fis-160862,Elasmobranchs,2.244882751046106,2.724025001769573,LLT,Squatina pseudocellata,NA,NA,no,188,53
Fis-140639,Elasmobranchs,2.072157393876114,2.782283437500976,LLT,Asymbolus parvus,NA,NA,no,228,50
Fis-161440,Elasmobranchs,2.150518039072224,2.5486338984166697,PST,Cephaloscyllium albipinnum,NA,NA,no,178,56
Fis-161440,Elasmobranchs,2.2243963031881395,2.6970490948701844,LLT,Cephaloscyllium albipinnum,NA,NA,no,195,56
Fis-23149,Elasmobranchs,2.2098784397962685,2.372163836232568,PST,Heptranchias perlo,NA,NA,no,161,62
Fis-23149,Elasmobranchs,2.3082201004078158,2.5771637779318937,LLT,Heptranchias perlo,NA,NA,no,170,61
Fis-23157,Elasmobranchs,2.577882619119168,2.7167526997014018,PST,Hexanchus griseus,NA,NA,no,89,49
Fis-23157,Elasmobranchs,2.6533519028094115,2.7167526997014018,LLT,Hexanchus griseus,NA,NA,no,100,54
Fis-161438,Elasmobranchs,1.9708784689761056,2.400312130772126,PST,Cephaloscyllium speccum,NA,NA,no,220,61
Fis-161438,Elasmobranchs,2.0608480025783527,2.5573496822126915,LLT,Cephaloscyllium speccum,NA,NA,no,231,62
Fis-29380,Elasmobranchs,2.1654392078622955,2.372163836232568,PST,Etmopterus gracilispinis,NA,NA,no,173,62
Fis-29380,Elasmobranchs,2.370503850614138,2.841944934145064,LLT,Etmopterus gracilispinis,NA,NA,no,164,45
Fis-61614,Elasmobranchs,2.25987905655995,2.651283940107087,PST,Scymnodalatias albicauda,NA,NA,no,149,53
Fis-61614,Elasmobranchs,2.484373464265133,3.09276654727317,LLT,Scymnodalatias albicauda,NA,NA,no,137,29
Fis-159586,Elasmobranchs,2.438410128164965,2.9044110245880765,PST,Squalus crassispinus,NA,NA,no,119,39
Fis-159586,Elasmobranchs,2.56260364124799,3.192641964365794,LLT,Squalus crassispinus,NA,NA,no,122,23
Fis-23064,Elasmobranchs,2.82200199498916,3.3972683057096047,PST,Carcharhinus obscurus,NA,NA,no,51,11
Fis-23064,Elasmobranchs,3.1024055507419512,3.632211821002388,LLT,Carcharhinus obscurus,Dusky shark,no,yes,20,3
Fis-54647,Elasmobranchs,1.9643259429934807,2.400312130772126,PST,Urolophus expansus,NA,NA,no,223,61
Fis-54647,Elasmobranchs,2.0638295414112755,2.5573496822126915,LLT,Urolophus expansus,NA,NA,no,229,62
Fis-23075,Elasmobranchs,2.853808254534115,2.992711207244924,PST,Centrophorus granulosus,NA,NA,no,44,35
Fis-23075,Elasmobranchs,3.051700839648892,3.1576782993718577,LLT,Centrophorus granulosus,NA,NA,no,22,25
Fis-23077,Elasmobranchs,3.055094146989981,3.1576782993718577,LLT,Centrophorus uyato,NA,NA,no,21,25
Fis-23101,Elasmobranchs,2.5924137294171374,2.7671400990494193,LLT,Dalatias licha,NA,NA,no,112,51
Fis-23124,Elasmobranchs,2.147596582812984,2.372163836232568,PST,Etmopterus spinax,NA,NA,no,180,62
Fis-23124,Elasmobranchs,2.2962367921300086,2.5771637779318937,LLT,Etmopterus spinax,NA,NA,no,177,61
Fis-144985,Elasmobranchs,1.882001084067089,2.705458909459334,LLT,Parascyllium sparsimaculatum,NA,NA,no,276,55
Fis-29321,Elasmobranchs,2.7544143046335217,3.1353205536464746,LLT,Centrophorus moluccensis,NA,NA,no,79,26
Fis-131127,Elasmobranchs,2.7886283667357534,3.306244922650419,LLT,Centrophorus atromarginatus,NA,NA,no,71,16
Fis-6652,Elasmobranchs,2.14566432693996,2.682606231924549,LLT,Figaro boardmani,NA,NA,no,215,57
Fis-25897,Elasmobranchs,2.234535274324562,2.8805202151684455,LLT,Eridacnis sinuans,NA,NA,no,191,42
Fis-154010,Elasmobranchs,2.4272456262751443,3.0052342892062165,LLT,Bythaelurus hispidus,NA,NA,no,149,35
Fis-29332,Elasmobranchs,2.25841829070188,2.8805202151684455,LLT,Cephaloscyllium fasciatum,NA,NA,no,181,42
Fis-29385,Elasmobranchs,2.3927921510086394,3.0294672011999793,LLT,Etmopterus sentosus,NA,NA,no,156,31
Fis-29423,Elasmobranchs,2.947853077486862,3.1265457226801674,PST,Isurus paucus,NA,NA,no,26,28
Fis-29423,Elasmobranchs,3.0367488934107456,3.1265457226801674,LLT,Isurus paucus,Longfin mako,yes,yes,24,27
Fis-23127,Elasmobranchs,2.46985098712154,2.5771637779318937,LLT,Euprotomicrus bispinatus,NA,NA,no,140,61
Fis-23158,Elasmobranchs,1.9403920331677509,2.178735057958458,PST,Holohalaelurus punctatus,NA,NA,no,229,67
Fis-23158,Elasmobranchs,2.046186016883077,2.5573496822126915,LLT,Holohalaelurus punctatus,NA,NA,no,233,62
Fis-29547,Elasmobranchs,2.480172069617234,2.6746599471487715,PST,Squatina tergocellata,NA,NA,no,105,52
Fis-29547,Elasmobranchs,2.5657776031505697,2.9911463984930555,LLT,Squatina tergocellata,NA,NA,no,120,38
Fis-23278,Elasmobranchs,2.3739097918992056,2.488566397070706,PST,Cirrhigaleus asper,NA,NA,no,137,57
Fis-23278,Elasmobranchs,2.563926695578116,3.0152847623725085,LLT,Cirrhigaleus asper,NA,NA,no,121,33
Fis-58162,Elasmobranchs,2.4134973537172684,2.5771637779318937,LLT,Etmopterus bigelowi,NA,NA,no,152,61
Fis-31578,Elasmobranchs,3.014687160958246,3.1576782993718577,LLT,Mitsukurina owstoni,NA,NA,no,29,25
Fis-31589,Elasmobranchs,2.0384251908258832,2.782283437500976,LLT,Iago garricki,NA,NA,no,238,50
Fis-26519,Elasmobranchs,2.386437192568007,2.5486338984166697,LLT,Plesiobatis daviesi,NA,NA,no,160,63
Fis-160938,Elasmobranchs,1.941388108724068,2.178735057958458,LLT,Holohalaelurus favus,NA,NA,no,270,72
Fis-160439,Elasmobranchs,2.341161906954733,2.5486338984166697,LLT,Squalus edmundsi,NA,NA,no,168,63
Fis-160444,Elasmobranchs,2.5812792876311716,2.7671400990494193,LLT,Squalus nasutus,NA,NA,no,114,51
Fis-161448,Elasmobranchs,2.1914523880194374,2.8805202151684455,LLT,Cephaloscyllium hiscosellum,NA,NA,no,205,42
Fis-125906,Elasmobranchs,2.13634223271397,2.8805202151684455,LLT,Galeus gracilis,NA,NA,no,216,42
Fis-29319,Elasmobranchs,2.934454390463267,3.1576782993718577,LLT,Centrophorus harrissoni,NA,NA,no,36,25
Fis-165849,Elasmobranchs,2.1286132943396763,2.682606231924549,LLT,Pristiophorus nancyae,NA,NA,no,217,57
Fis-166044,Elasmobranchs,2.3320292710672472,2.5771637779318937,LLT,Etmopterus sculptus,NA,NA,no,169,61
Fis-29531,Elasmobranchs,2.445082675069647,2.5771637779318937,LLT,Squaliolus laticaudus,NA,NA,no,145,61
Fis-23260,Elasmobranchs,2.7473774675267943,2.999458131734484,LLT,Somniosus rostratus,NA,NA,no,81,36
Fis-23113,Elasmobranchs,2.4109558429571076,2.57729557005258,LLT,Echinorhinus brucus,NA,NA,no,153,60
Fis-23204,Elasmobranchs,2.2528950165807813,2.5486338984166697,LLT,Oxynotus bruniensis,NA,NA,no,184,63
Fis-30995,Elasmobranchs,2.3579564561763635,2.5486338984166697,LLT,Hexatrygon bickelli,NA,NA,no,166,63
Fis-160378,Elasmobranchs,2.2216371418158687,2.4831475373362295,LLT,Squalus montalbani,NA,NA,no,196,66
Fis-154012,Elasmobranchs,2.2522254045974504,2.5486338984166697,LLT,Bythaelurus lutarius,NA,NA,no,185,63
Fis-23074,Elasmobranchs,2.5953700782084397,2.7671400990494193,LLT,Centroscymnus crepidater,NA,NA,no,111,51
Fis-25903,Elasmobranchs,1.9799783596598024,2.2814913415855873,LLT,Iago omanensis,NA,NA,no,260,70
Fis-32611,Elasmobranchs,3.247718200663655,3.7019341012636486,GND,Rhinoptera javanica,NA,NA,no,12,2
Fis-32611,Elasmobranchs,2.890870656649289,3.7019341012636486,PST,Rhinoptera javanica,NA,NA,no,38,1
Fis-32611,Elasmobranchs,2.936248515586723,3.7019341012636486,LLT,Rhinoptera javanica,NA,NA,no,35,2
Fis-27224,Elasmobranchs,2.619624468207244,2.9044110245880765,GND,Pristis pristis,NA,NA,no,109,23
Fis-27224,Elasmobranchs,2.4378447239281207,2.9044110245880765,PST,Pristis pristis,NA,NA,no,120,39
Fis-27224,Elasmobranchs,2.442371483711651,2.9044110245880765,LLT,Pristis pristis,NA,NA,no,146,40
Fis-28553,Elasmobranchs,2.355543809949741,2.6970490948701844,GND,Himantura undulata,NA,NA,no,144,31
Fis-28553,Elasmobranchs,2.1807449742998313,2.6970490948701844,PST,Himantura undulata,NA,NA,no,165,50
Fis-28553,Elasmobranchs,2.1859602145467583,2.6970490948701844,LLT,Himantura undulata,NA,NA,no,208,56
Fis-61508,Elasmobranchs,3.205153606823272,3.27548468040945,GND,Mobula kuhlii,Shortfin devil ray,yes,yes,24,10
Fis-61508,Elasmobranchs,2.9234032143895674,3.395975186730664,PST,Mobula kuhlii,Kuhl's devilray,no,yes,28,12
Fis-61508,Elasmobranchs,2.7850170953836093,3.1265457226801674,LLT,Mobula kuhlii,Kuhl's devilray,no,yes,73,27
Fis-21798,Elasmobranchs,3.1405016233082264,3.27548468040945,GND,Mobula mobula,NA,NA,no,33,10
Fis-21798,Elasmobranchs,3.0616983205215815,3.395975186730664,PST,Mobula mobula,NA,NA,no,14,12
Fis-21798,Elasmobranchs,2.885146762294901,3.1265457226801674,LLT,Mobula mobula,NA,NA,no,42,27
Fis-26085,Elasmobranchs,2.3925438123183267,2.562265582630342,GND,Bathytoshia brevicaudata,NA,NA,no,139,37
Fis-26085,Elasmobranchs,2.415325171555527,2.794252243991457,PST,Bathytoshia brevicaudata,NA,NA,no,127,45
Fis-26085,Elasmobranchs,2.5178683831650117,2.794252243991457,LLT,Bathytoshia brevicaudata,NA,NA,no,133,49
Fis-32608,Elasmobranchs,1.947851349135102,2.446168803192358,GND,Acroteriobatus blochii,NA,NA,no,197,44
Fis-28785,Elasmobranchs,2.754937544817365,3.032515856958811,GND,Pateobatis bleekeri,NA,NA,no,97,20
Fis-28785,Elasmobranchs,2.394133883515173,2.87099994551015,PST,Pateobatis bleekeri,NA,NA,no,130,42
Fis-28785,Elasmobranchs,2.418284840136939,2.87099994551015,LLT,Pateobatis bleekeri,NA,NA,no,150,43
Fis-154456,Elasmobranchs,2.4796274493029156,2.724025001769573,GND,Hemitrygon bennetti,NA,NA,no,123,30
Fis-154456,Elasmobranchs,2.2173531878969732,2.724025001769573,PST,Hemitrygon bennetti,NA,NA,no,158,48
Fis-154456,Elasmobranchs,2.2343039140976098,2.724025001769573,LLT,Hemitrygon bennetti,NA,NA,no,192,53
Fis-166946,Elasmobranchs,2.1470823950168296,2.5573496822126915,GND,Maculabatis randalli,NA,NA,no,170,38
Fis-166946,Elasmobranchs,1.974078679697299,2.5573496822126915,PST,Maculabatis randalli,NA,NA,no,218,55
Fis-166946,Elasmobranchs,1.9625124057524148,2.5573496822126915,LLT,Maculabatis randalli,NA,NA,no,264,62
Fis-28787,Elasmobranchs,2.4648170131180267,2.6970490948701844,GND,Brevitrygon imbricata,NA,NA,no,127,31
Fis-28787,Elasmobranchs,2.208616087188854,2.6970490948701844,PST,Brevitrygon imbricata,NA,NA,no,162,50
Fis-28787,Elasmobranchs,2.234997832053502,2.6970490948701844,LLT,Brevitrygon imbricata,NA,NA,no,190,56
Fis-26902,Elasmobranchs,2.271961313598556,2.5573496822126915,GND,Telatrygon zugei,NA,NA,no,153,38
Fis-26902,Elasmobranchs,2.025966496880269,2.5573496822126915,PST,Telatrygon zugei,NA,NA,no,208,55
Fis-26902,Elasmobranchs,2.045826179050918,2.5573496822126915,LLT,Telatrygon zugei,NA,NA,no,234,62
Fis-60598,Elasmobranchs,2.0933080207807295,2.5573496822126915,GND,Fontitrygon margaritella,NA,NA,no,174,38
Fis-60598,Elasmobranchs,1.9817832732199216,2.5573496822126915,PST,Fontitrygon margaritella,NA,NA,no,216,55
Fis-60598,Elasmobranchs,1.964844948671701,2.5573496822126915,LLT,Fontitrygon margaritella,NA,NA,no,263,62
Fis-47488,Elasmobranchs,2.231627245337689,2.5573496822126915,GND,Maculabatis gerrardi,NA,NA,no,159,38
Fis-47488,Elasmobranchs,2.0141253878701932,2.5573496822126915,PST,Maculabatis gerrardi,NA,NA,no,210,55
Fis-47488,Elasmobranchs,2.02147884149289,2.5573496822126915,LLT,Maculabatis gerrardi,NA,NA,no,250,62
Fis-31408,Elasmobranchs,1.9804957050791288,2.0730163313380023,GND,Acroteriobatus annulatus,NA,NA,no,196,54
Fis-32960,Elasmobranchs,2.508509483692202,2.868376815505143,GND,Myliobatis tenuicaudatus,NA,NA,no,122,26
Fis-32960,Elasmobranchs,2.6105422496115276,3.4686356299013017,PST,Myliobatis tenuicaudatus,NA,NA,no,83,8
Fis-32960,Elasmobranchs,2.58211783805322,3.4686356299013017,LLT,Myliobatis tenuicaudatus,NA,NA,no,113,10
Fis-27236,Elasmobranchs,2.204528271064497,2.4558976226668725,GND,Taeniurops grabatus,NA,NA,no,162,43
Fis-27236,Elasmobranchs,2.337641773628432,2.6970490948701844,PST,Taeniurops grabatus,NA,NA,no,140,50
Fis-27236,Elasmobranchs,2.306867972495804,2.6970490948701844,LLT,Taeniurops grabatus,NA,NA,no,171,56
Fis-28552,Elasmobranchs,2.266810353266965,2.3411370903481865,GND,Glaucostegus thouin,NA,NA,no,154,47
Fis-22814,Elasmobranchs,2.123395026692154,2.3411370903481865,GND,Pseudobatus percellens,NA,NA,no,172,47
Fis-24098,Elasmobranchs,3.4425085620266467,3.420962298811962,GND,Mobula birostris,Giant manta,yes,yes,1,5
Fis-24098,Elasmobranchs,3.1729357190197813,3.5364997705621573,PST,Mobula birostris,Giant manta,no,yes,5,5
Fis-24098,Elasmobranchs,3.032207423415332,3.278638637347135,LLT,Mobula birostris,Giant manta,no,yes,26,17
Fis-163295,Elasmobranchs,3.2585396218743203,3.420962298811962,GND,Mobula alfredi,Reef manta,yes,yes,10,5
Fis-163295,Elasmobranchs,3.0781553093003584,3.5364997705621573,PST,Mobula alfredi,Reef manta,no,yes,11,5
Fis-163295,Elasmobranchs,2.9468819523709846,3.278638637347135,LLT,Mobula alfredi,Reef manta,no,yes,34,17
Fis-23993,Elasmobranchs,2.306916697198936,2.562265582630342,GND,Bathytoshia centroura,NA,NA,no,150,37
Fis-23993,Elasmobranchs,2.4464576408572847,2.794252243991457,PST,Bathytoshia centroura,NA,NA,no,118,45
Fis-23993,Elasmobranchs,2.389913296139105,2.794252243991457,LLT,Bathytoshia centroura,NA,NA,no,157,49
Fis-54860,Elasmobranchs,2.1142673758819917,2.3411370903481865,GND,Narcinops westraliensis,NA,NA,no,173,47
Fis-161488,Elasmobranchs,2.060434002532933,2.3016074187389277,GND,Maculabatis astra,NA,NA,no,180,48
Fis-161488,Elasmobranchs,2.080950543037606,2.5573496822126915,PST,Maculabatis astra,NA,NA,no,191,55
Fis-161488,Elasmobranchs,2.0634262274535633,2.5573496822126915,LLT,Maculabatis astra,NA,NA,no,230,62
Fis-161209,Elasmobranchs,1.871303113290265,2.120651374899325,GND,Dentiraja confusus,NA,NA,no,202,53
Fis-47352,Elasmobranchs,2.6746456097829294,2.9911463984930555,PST,Megatrygon microps,NA,NA,no,77,36
Fis-47352,Elasmobranchs,2.6714830577068005,2.9911463984930555,LLT,Megatrygon microps,NA,NA,no,97,38
Fis-35264,Elasmobranchs,2.530842690187688,2.87099994551015,PST,Pateobatis fai,NA,NA,no,96,42
Fis-35264,Elasmobranchs,2.533016878379906,2.87099994551015,LLT,Pateobatis fai,NA,NA,no,127,43
Fis-47495,Elasmobranchs,2.0654691591612107,2.5573496822126915,PST,Maculabatis toshi,NA,NA,no,195,55
Fis-47495,Elasmobranchs,2.0419646137547627,2.5573496822126915,LLT,Maculabatis toshi,NA,NA,no,236,62
Fis-35265,Elasmobranchs,2.1639124581452904,2.6970490948701844,PST,Pateobatis jenkinsii,NA,NA,no,175,50
Fis-35265,Elasmobranchs,2.1917593836287126,2.6970490948701844,LLT,Pateobatis jenkinsii,NA,NA,no,204,56
Fis-32598,Elasmobranchs,2.777667566310799,3.192641964365794,LLT,Bathytoshia lata,NA,NA,no,74,23
Fis-161473,Elasmobranchs,2.205359492411348,2.724025001769573,PST,Hemitrygon parvonigra,NA,NA,no,163,48
Fis-161473,Elasmobranchs,2.1943195610160715,2.724025001769573,LLT,Hemitrygon parvonigra,NA,NA,no,203,53
